Species,ID,Mass,SVL,BL,Trial,Date,Calibration,Frame_Rate,Decimation,Incline,Hind_Stance_Start,Hind_Stance_End,Hind_Swing_End,Fore_Stance_Start,Fore_Stance_End,Fore_Swing_End
Aneides aeneus,Aaen06,1.3,4.45,9.7,Aaen06_45deg01,12/6/22,221206_Calib05,900,4,45,9,159,178,79,209,243
Aneides aeneus,Aaen06,1.3,4.45,9.7,Aaen06_45deg03,12/6/22,221206_Calib07,900,4,45,3,98,115,52,138,160
Aneides aeneus,Aaen06,1.3,4.45,9.7,Aaen06_45deg04,12/6/22,221206_Calib09,900,4,45,6,120,135,55,159,182
Aneides aeneus,Aaen06,1.3,4.45,9.7,Aaen06_45deg06,12/7/22,221207_Calib01,900,4,45,3,163,185,71,217,250
Aneides aeneus,Aaen06,1.3,4.45,9.7,Aaen06_45deg07,12/7/22,221207_Calib01,900,4,45,4,133,150,59,182,208
Aneides aeneus,Aaen06,1.3,4.45,9.7,Aaen06_Flat08,11/8/22,221108_Calib02,900,4,0,3,98,112,55,134,154
Aneides aeneus,Aaen06,1.3,4.45,9.7,Aaen06_Flat09,11/8/22,221108_Calib02,900,4,0,2,91,105,43,130,152
Aneides aeneus,Aaen06,1.3,4.45,9.7,Aaen06_Flat10,11/8/22,221108_Calib03,900,4,0,4,121,138,59,173,198
Aneides aeneus,Aaen06,1.3,4.45,9.7,Aaen06_Flat12,11/8/22,221108_Calib03,900,4,0,2,83,98,41,123,149
Aneides aeneus,Aaen06,1.3,4.45,9.7,Aaen06_Flat14,11/8/22,221108_Calib03,900,4,0,3,109,129,47,160,179
Aneides aeneus,Aaen06,1.4,4.45,9.7,Aaen06_Vert02,11/15/22,221115_Calib04,900,4,90,7,314,354,113,401,439
Aneides aeneus,Aaen06,1.4,4.45,9.7,Aaen06_Vert03,11/15/22,221115_Calib06,900,4,90,9,244,280,81,318,352
Aneides aeneus,Aaen06,1.4,4.45,9.7,Aaen06_Vert04,11/15/22,221115_Calib06,900,4,90,16,182,203,65,237,267
Aneides aeneus,Aaen06,1.4,4.45,9.7,Aaen06_Vert05,11/15/22,221115_Calib08,900,4,90,8,190,212,72,254,285
Aneides aeneus,Aaen06,1.4,4.45,9.7,Aaen06_Vert07,11/15/22,221115_Calib08,900,4,90,3,168,186,57,215,245
Aneides aeneus,Aaen07,2.3,6,11.35,Aaen07_45deg02,12/5/22,221205_Calib03,900,4,45,5,107,127,55,166,196
Aneides aeneus,Aaen07,2.3,6,11.35,Aaen07_45deg04,12/5/22,221205_Calib04,900,4,45,9,102,123,53,155,179
Aneides aeneus,Aaen07,2.3,6,11.35,Aaen07_45deg05,12/5/22,221205_Calib05,900,4,45,3,103,121,53,150,172
Aneides aeneus,Aaen07,2.3,6,11.35,Aaen07_45deg12,12/6/22,221206_Calib03,900,4,45,5,84,103,46,132,152
Aneides aeneus,Aaen07,2.3,6,11.35,Aaen07_45deg13,12/6/22,221206_Calib04,900,4,45,4,53,66,32,80,97
Aneides aeneus,Aaen07,2.9,6,11.35,Aaen07_Flat08,11/1/22,221031_Calib02,900,4,0,6,136,153,67,188,213
Aneides aeneus,Aaen07,2.9,6,11.35,Aaen07_Flat09,11/1/22,221031_Calib02,900,4,0,8,140,156,63,186,212
Aneides aeneus,Aaen07,2.4,6,11.35,Aaen07_Flat10,11/8/22,221107_Calib03,900,4,0,2,71,92,40,114,131
Aneides aeneus,Aaen07,2.4,6,11.35,Aaen07_Flat14,11/8/22,221107_Calib03,900,4,0,8,80,98,49,120,141
Aneides aeneus,Aaen07,2.4,6,11.35,Aaen07_Flat15,11/8/22,221107_Calib03,900,4,0,3,96,112,45,134,151
Aneides aeneus,Aaen07,2.7,6,11.35,Aaen07_Vert04,11/14/22,221114_Calib06,900,4,90,2,205,226,74,269,295
Aneides aeneus,Aaen07,2.7,6,11.35,Aaen07_Vert05,11/14/22,221114_Calib06,900,4,90,4,261,288,72,335,365
Aneides aeneus,Aaen07,2.7,6,11.35,Aaen07_Vert06,11/14/22,221114_Calib06,900,4,90,5,144,163,56,190,217
Aneides aeneus,Aaen07,2.7,6,11.35,Aaen07_Vert07,11/14/22,221114_Calib06,900,4,90,3,213,232,62,277,302
Aneides aeneus,Aaen07,2.7,6,11.35,Aaen07_Vert08,11/14/22,221114_Calib06,900,4,90,3,208,226,68,261,289
Aneides aeneus,Aaen08,0.5,3.3,6.8,Aaen08_45deg01,12/12/22,221212_Calib02,900,4,45,2,67,77,37,93,106
Aneides aeneus,Aaen08,0.5,3.3,6.8,Aaen08_45deg03,12/12/22,221212_Calib03,900,4,45,10,185,212,95,264,300
Aneides aeneus,Aaen08,0.5,3.3,6.8,Aaen08_45deg04,12/12/22,221212_Calib03,900,4,45,8,98,114,46,140,157
Aneides aeneus,Aaen08,0.5,3.3,6.8,Aaen08_45deg05,12/12/22,221212_Calib03,900,4,45,15,175,206,92,266,300
Aneides aeneus,Aaen08,0.5,3.3,6.8,Aaen08_45deg06,12/12/22,221212_Calib03,900,4,45,5,177,205,90,248,288
Aneides aeneus,Aaen08,0.7,3.3,6.8,Aaen08_Flat01,11/23/22,221123_Calib02,900,4,0,4,77,90,37,113,128
Aneides aeneus,Aaen08,0.7,3.3,6.8,Aaen08_Flat02,11/23/22,221123_Calib02,900,4,0,4,61,77,34,99,115
Aneides aeneus,Aaen08,0.7,3.3,6.8,Aaen08_Flat03,11/23/22,221123_Calib02,900,4,0,3,54,71,32,88,104
Aneides aeneus,Aaen08,0.7,3.3,6.8,Aaen08_Flat05,11/23/22,221123_Calib02,900,4,0,3,115,139,56,169,199
Aneides aeneus,Aaen08,0.7,3.3,6.8,Aaen08_Flat06,11/23/22,221123_Calib02,900,4,0,5,111,134,65,165,189
Aneides aeneus,Aaen08,0.7,3.3,6.8,Aaen08_Vert01,11/21/22,221121_Calib02,900,4,90,4,270,285,91,370,392
Aneides aeneus,Aaen08,0.7,3.3,6.8,Aaen08_Vert03,11/21/22,221121_Calib02,900,4,90,1,240,255,73,316,339
Aneides aeneus,Aaen08,0.7,3.3,6.8,Aaen08_Vert04,11/21/22,221121_Calib02,900,4,90,3,264,286,87,334,371
Aneides aeneus,Aaen08,0.7,3.3,6.8,Aaen08_Vert05,11/21/22,221121_Calib02,900,4,90,2,293,317,90,381,406
Aneides aeneus,Aaen08,0.7,3.3,6.8,Aaen08_Vert06,11/21/22,221121_Calib02,900,4,90,1,341,366,94,433,458
Aneides aeneus,Aaen09,0.7,3.4,7,Aaen09_45deg01,12/12/22,221212_Calib05,900,4,45,4,54,66,33,80,92
Aneides aeneus,Aaen09,0.7,3.4,7,Aaen09_45deg02,12/12/22,221212_Calib05,900,4,45,5,71,83,37,106,122
Aneides aeneus,Aaen09,0.7,3.4,7,Aaen09_45deg05,12/12/22,221212_Calib10,900,4,45,5,98,116,53,144,166
Aneides aeneus,Aaen09,0.7,3.4,7,Aaen09_45deg07,12/13/22,221213_Calib01,900,4,45,4,73,86,39,109,123
Aneides aeneus,Aaen09,0.7,3.4,7,Aaen09_45deg08,12/13/22,221213_Calib01,900,4,45,7,83,99,48,125,141
Aneides aeneus,Aaen09,0.6,3.4,7,Aaen09_Flat01,11/22/22,221122_Calib07,900,4,0,5,162,179,66,226,251
Aneides aeneus,Aaen09,0.6,3.4,7,Aaen09_Flat02,11/22/22,221122_Calib07,900,4,0,3,109,130,55,165,186
Aneides aeneus,Aaen09,0.6,3.4,7,Aaen09_Flat03,11/22/22,221122_Calib07,900,4,0,4,124,142,62,169,191
Aneides aeneus,Aaen09,0.6,3.4,7,Aaen09_Flat04,11/23/22,221123_Calib02,900,4,0,8,120,142,64,173,195
Aneides aeneus,Aaen09,0.6,3.4,7,Aaen09_Flat06,11/23/22,221123_Calib02,900,4,0,5,125,158,66,193,218
Aneides aeneus,Aaen09,0.6,3.4,7,Aaen09_Vert02,11/21/22,221121_Calib02,900,4,90,4,257,276,77,332,356
Aneides aeneus,Aaen09,0.6,3.4,7,Aaen09_Vert03,11/21/22,221121_Calib02,900,4,90,7,202,222,76,263,292
Aneides aeneus,Aaen09,0.6,3.4,7,Aaen09_Vert04,11/21/22,221121_Calib02,900,4,90,2,150,167,52,204,224
Aneides aeneus,Aaen09,0.6,3.4,7,Aaen09_Vert05,11/21/22,221121_Calib02,900,4,90,7,180,204,72,249,269
Aneides aeneus,Aaen09,0.6,3.4,7,Aaen09_Vert06,11/21/22,221121_Calib02,900,4,90,2,180,201,67,234,261
Aneides aeneus,Aaen10,0.8,3.5,7.3,Aaen10_45deg03,12/12/22,221212_Calib07,900,4,45,3,67,80,39,101,118
Aneides aeneus,Aaen10,0.8,3.5,7.3,Aaen10_45deg04,12/13/22,221213_Calib01,900,4,45,7,63,73,35,85,98
Aneides aeneus,Aaen10,0.8,3.5,7.3,Aaen10_45deg06,12/13/22,221213_Calib01,900,4,45,4,79,93,49,115,128
Aneides aeneus,Aaen10,0.8,3.5,7.3,Aaen10_45deg07,12/13/22,221213_Calib02,900,4,45,3,64,81,38,101,116
Aneides aeneus,Aaen10,0.8,3.5,7.3,Aaen10_45deg08,12/13/22,221213_Calib02,900,4,45,4,104,126,56,163,189
Aneides aeneus,Aaen10,0.7,3.5,7.3,Aaen10_Flat02,11/22/22,221122_Calib07,900,4,0,2,69,89,40,112,126
Aneides aeneus,Aaen10,0.7,3.5,7.3,Aaen10_Flat06,11/23/22,221123_Calib02,900,4,0,4,53,67,32,82,94
Aneides aeneus,Aaen10,0.7,3.5,7.3,Aaen10_Flat07,11/23/22,221123_Calib02,900,4,0,3,127,149,67,183,210
Aneides aeneus,Aaen10,0.7,3.5,7.3,Aaen10_Flat08,11/23/22,221123_Calib02,900,4,0,5,113,137,63,171,195
Aneides aeneus,Aaen10,0.7,3.5,7.3,Aaen10_Flat09,11/23/22,221123_Calib02,900,4,0,7,110,129,69,156,180
Aneides aeneus,Aaen10,0.7,3.5,7.3,Aaen10_Vert02,11/21/22,221121_Calib02,900,4,90,3,89,100,38,125,142
Aneides aeneus,Aaen10,0.7,3.5,7.3,Aaen10_Vert03,11/21/22,221121_Calib02,900,4,90,3,173,187,59,231,260
Aneides aeneus,Aaen10,0.7,3.5,7.3,Aaen10_Vert04,11/21/22,221121_Calib02,900,4,90,5,263,277,85,331,354
Aneides aeneus,Aaen10,0.7,3.5,7.3,Aaen10_Vert05,11/21/22,221121_Calib02,900,4,90,2,295,314,94,377,405
Aneides aeneus,Aaen10,0.7,3.5,7.3,Aaen10_Vert07,11/21/22,221121_Calib02,900,4,90,3,182,200,66,237,262
Aneides aeneus,Aaen11,1.06,3.7,7.6,Aaen11_45deg01,3/5/24,240305_Calib01,400,1,45,5,198,229,90,285,316
Aneides aeneus,Aaen11,1.06,3.7,7.6,Aaen11_45deg02,3/5/24,240305_Calib01,400,1,45,7,167,191,88,249,274
Aneides aeneus,Aaen11,1.06,3.7,7.6,Aaen11_45deg03,3/5/24,240305_Calib01,400,1,45,4,144,166,82,205,231
Aneides aeneus,Aaen11,1.06,3.7,7.6,Aaen11_45deg04,3/5/24,240305_Calib01,400,1,45,6,140,165,78,200,220
Aneides aeneus,Aaen11,1.06,3.7,7.6,Aaen11_45deg05,3/5/24,240305_Calib01,400,1,45,4,143,166,70,205,228
Aneides aeneus,Aaen11,1,3.7,7.6,Aaen11_80deg01,3/4/24,240304_Calib03,400,1,80,4,106,126,56,153,173
Aneides aeneus,Aaen11,1,3.7,7.6,Aaen11_80deg02,3/4/24,240304_Calib03,400,1,80,7,234,265,109,314,341
Aneides aeneus,Aaen11,1,3.7,7.6,Aaen11_80deg03,3/4/24,240304_Calib03,400,1,80,7,270,306,127,362,402
Aneides aeneus,Aaen11,1,3.7,7.6,Aaen11_80deg04,3/4/24,240304_Calib03,400,1,80,9,517,578,203,692,749
Aneides aeneus,Aaen11,1,3.7,7.6,Aaen11_80deg05,3/4/24,240304_Calib03,400,1,80,4,688,741,288,839,904
Aneides aeneus,Aaen11,1.06,3.7,7.6,Aaen11_Flat01,3/5/24,240305_Calib02,400,1,0,4,120,137,57,173,194
Aneides aeneus,Aaen11,1.06,3.7,7.6,Aaen11_Flat02,3/5/24,240305_Calib02,400,1,0,4,107,125,59,157,178
Aneides aeneus,Aaen11,1.06,3.7,7.6,Aaen11_Flat03,3/5/24,240305_Calib03,400,1,0,3,86,106,44,141,160
Aneides aeneus,Aaen11,1.06,3.7,7.6,Aaen11_Flat04,3/5/24,240305_Calib03,400,1,0,3,101,120,46,154,175
Aneides aeneus,Aaen11,1.06,3.7,7.6,Aaen11_Flat05,3/5/24,240305_Calib04,400,1,0,3,100,120,47,153,176
Aneides aeneus,Aaen11,1,3.7,7.6,Aaen11_Vert01,3/4/24,240304_Calib06,400,1,90,9,875,976,355,1214,1348
Aneides aeneus,Aaen11,1,3.7,7.6,Aaen11_Vert02,3/4/24,240304_Calib06,400,1,90,3,360,393,132,505,592
Aneides aeneus,Aaen11,1,3.7,7.6,Aaen11_Vert03,3/4/24,240304_Calib06,400,1,90,4,599,674,247,773,840
Aneides aeneus,Aaen11,1,3.7,7.6,Aaen11_Vert04,3/4/24,240304_Calib06,400,1,90,4,231,259,95,314,343
Aneides aeneus,Aaen11,1,3.7,7.6,Aaen11_Vert05,3/4/24,240304_Calib06,400,1,90,5,387,419,162,494,524
Aneides aeneus,Aaen14,3.1,6,12.1,Aaen14_45deg01,11/8/23,231108_Calib04,400,1,45,15,561,664,267,770,862
Aneides aeneus,Aaen14,3.1,6,12.1,Aaen14_45deg02,11/8/23,231108_Calib04,400,1,45,30,793,886,338,1013,1116
Aneides aeneus,Aaen14,3.1,6,12.1,Aaen14_45deg03,11/8/23,231108_Calib04,400,1,45,28,681,761,258,890,997
Aneides aeneus,Aaen14,3.1,6,12.1,Aaen14_45deg04,11/8/23,231108_Calib04,400,1,45,6,225,260,114,316,357
Aneides aeneus,Aaen14,3.1,6,12.1,Aaen14_45deg05,11/8/23,231108_Calib04,400,1,45,4,159,187,78,232,274
Aneides aeneus,Aaen14,2.86,6,12.1,Aaen14_80deg01,2/27/24,240227_Calib03,400,1,80,4,694,754,182,982,1211
Aneides aeneus,Aaen14,2.86,6,12.1,Aaen14_80deg02,2/27/24,240227_Calib03,400,1,80,10,531,589,152,684,750
Aneides aeneus,Aaen14,3.04,6,12.1,Aaen14_80deg03,3/2/24,240302_Calib02,400,1,80,12,928,999,278,1138,1200
Aneides aeneus,Aaen14,3.04,6,12.1,Aaen14_80deg04,3/2/24,240302_Calib02,400,1,80,10,758,827,207,971,1034
Aneides aeneus,Aaen14,3.04,6,12.1,Aaen14_80deg05,3/2/24,240302_Calib02,400,1,80,9,765,829,210,939,994
Aneides aeneus,Aaen14,2.7,6,12.1,Aaen14_Flat01,11/3/23,231103_Calib01,400,1,0,5,136,162,80,198,235
Aneides aeneus,Aaen14,2.7,6,12.1,Aaen14_Flat02,11/3/23,231103_Calib01,400,1,0,7,346,386,175,472,549
Aneides aeneus,Aaen14,2.7,6,12.1,Aaen14_Flat07,11/3/23,231103_Calib01,400,1,0,7,216,249,119,311,376
Aneides aeneus,Aaen14,2.7,6,12.1,Aaen14_Flat08,11/3/23,231103_Calib01,400,1,0,7,163,198,95,245,300
Aneides aeneus,Aaen14,2.7,6,12.1,Aaen14_Flat09,11/3/23,231103_Calib01,400,1,0,5,182,213,101,265,327
Aneides aeneus,Aaen14,2.51,6,12.1,Aaen14_Vert03,12/6/23,231206_Calib10,400,1,90,10,712,791,227,902,971
Aneides aeneus,Aaen14,2.51,6,12.1,Aaen14_Vert04,12/6/23,231206_Calib10,400,1,90,11,908,1001,288,1136,1239
Aneides aeneus,Aaen14,2.51,6,12.1,Aaen14_Vert06,12/6/23,231206_Calib10,400,1,90,4,533,595,165,674,724
Aneides aeneus,Aaen14,2.51,6,12.1,Aaen14_Vert07,12/6/23,231206_Calib10,400,1,90,8,505,590,160,679,740
Aneides aeneus,Aaen14,2.51,6,12.1,Aaen14_Vert08,12/6/23,231206_Calib10,400,1,90,21,670,743,211,832,906
Aneides aeneus,Aaen17,1.8,4.7,10.7,Aaen17_45deg01,4/19/24,240419_Calib01,400,1,45,8,289,325,139,409,470
Aneides aeneus,Aaen17,1.8,4.7,10.7,Aaen17_45deg02,4/19/24,240419_Calib01,400,1,45,3,322,363,157,454,520
Aneides aeneus,Aaen17,1.8,4.7,10.7,Aaen17_45deg03,4/19/24,240419_Calib01,400,1,45,6,348,385,155,487,556
Aneides aeneus,Aaen17,1.8,4.7,10.7,Aaen17_45deg05,4/19/24,240419_Calib01,400,1,45,6,325,365,163,466,519
Aneides aeneus,Aaen17,1.8,4.7,10.7,Aaen17_45deg06,4/19/24,240419_Calib01,400,1,45,4,349,383,146,471,539
Aneides aeneus,Aaen17,1.85,4.7,10.7,Aaen17_80deg01,4/27/24,240427_Calib11,400,1,80,9,375,419,151,535,574
Aneides aeneus,Aaen17,1.85,4.7,10.7,Aaen17_80deg03,4/27/24,240427_Calib11,400,1,80,7,292,331,134,429,475
Aneides aeneus,Aaen17,1.85,4.7,10.7,Aaen17_80deg05,4/27/24,240427_Calib11,400,1,80,3,291,318,112,387,437
Aneides aeneus,Aaen17,1.85,4.7,10.7,Aaen17_80deg06,4/27/24,240427_Calib11,400,1,80,5,410,451,162,564,623
Aneides aeneus,Aaen17,1.85,4.7,10.7,Aaen17_80deg07,4/27/24,240427_Calib11,400,1,80,4,460,501,174,620,674
Aneides aeneus,Aaen17,1.88,4.7,10.7,Aaen17_Flat01,4/11/24,240411_Calib02,400,1,0,3,250,281,119,348,409
Aneides aeneus,Aaen17,1.88,4.7,10.7,Aaen17_Flat02,4/11/24,240411_Calib02,400,1,0,3,193,225,98,285,334
Aneides aeneus,Aaen17,1.88,4.7,10.7,Aaen17_Flat03,4/11/24,240411_Calib02,400,1,0,6,253,284,121,360,406
Aneides aeneus,Aaen17,1.88,4.7,10.7,Aaen17_Flat04,4/11/24,240411_Calib02,400,1,0,3,283,310,119,379,432
Aneides aeneus,Aaen17,1.88,4.7,10.7,Aaen17_Flat05,4/11/24,240411_Calib02,400,1,0,3,276,311,148,390,447
Aneides aeneus,Aaen17,1.76,4.7,10.7,Aaen17_Vert01,5/1/24,240501_Calib02,400,1,90,6,621,672,209,813,860
Aneides aeneus,Aaen17,1.76,4.7,10.7,Aaen17_Vert04,5/1/24,240501_Calib02,400,1,90,4,373,406,131,499,544
Aneides aeneus,Aaen17,1.76,4.7,10.7,Aaen17_Vert05,5/1/24,240501_Calib02,400,1,90,5,441,477,142,571,621
Aneides aeneus,Aaen17,1.76,4.7,10.7,Aaen17_Vert06,5/1/24,240501_Calib02,400,1,90,4,303,333,111,405,453
Aneides aeneus,Aaen17,1.76,4.7,10.7,Aaen17_Vert07,5/1/24,240501_Calib02,400,1,90,3,423,457,138,548,594
Aneides aeneus,Aaen20,0.93,3.85,7.1,Aaen20_45deg02,4/16/24,240416_Calib03,400,1,45,3,180,212,92,267,302
Aneides aeneus,Aaen20,0.93,3.85,7.1,Aaen20_45deg03,4/16/24,240416_Calib03,400,1,45,3,148,171,66,203,228
Aneides aeneus,Aaen20,0.93,3.85,7.1,Aaen20_45deg04,4/16/24,240416_Calib03,400,1,45,8,269,307,151,396,466
Aneides aeneus,Aaen20,0.93,3.85,7.1,Aaen20_45deg05,4/16/24,240416_Calib03,400,1,45,4,139,166,74,218,244
Aneides aeneus,Aaen20,0.93,3.85,7.1,Aaen20_45deg06,4/16/24,240416_Calib03,400,1,45,5,195,229,102,299,327
Aneides aeneus,Aaen20,0.9,3.85,7.1,Aaen20_80deg01,4/24/24,240424_Calib01,400,1,80,6,283,314,103,376,414
Aneides aeneus,Aaen20,0.9,3.85,7.1,Aaen20_80deg03,4/24/24,240424_Calib01,400,1,80,10,335,362,98,431,464
Aneides aeneus,Aaen20,0.9,3.85,7.1,Aaen20_80deg04,4/24/24,240424_Calib01,400,1,80,9,300,329,113,403,425
Aneides aeneus,Aaen20,0.9,3.85,7.1,Aaen20_80deg05,4/24/24,240424_Calib01,400,1,80,13,315,343,113,415,443
Aneides aeneus,Aaen20,0.9,3.85,7.1,Aaen20_80deg06,4/24/24,240424_Calib01,400,1,80,15,324,352,136,413,445
Aneides aeneus,Aaen20,0.88,3.85,7.1,Aaen20_Flat01,4/10/24,240410_Calib05,400,1,0,3,108,133,60,164,195
Aneides aeneus,Aaen20,0.88,3.85,7.1,Aaen20_Flat03,4/10/24,240410_Calib05,400,1,0,3,175,214,99,266,305
Aneides aeneus,Aaen20,0.88,3.85,7.1,Aaen20_Flat04,4/10/24,240410_Calib05,400,1,0,3,129,157,74,193,222
Aneides aeneus,Aaen20,0.88,3.85,7.1,Aaen20_Flat05,4/10/24,240410_Calib05,400,1,0,3,104,129,53,159,187
Aneides aeneus,Aaen20,0.88,3.85,7.1,Aaen20_Flat07,4/10/24,240410_Calib05,400,1,0,3,119,146,66,179,202
Aneides aeneus,Aaen20,0.88,3.85,7.1,Aaen20_Vert01,4/30/24,240430_Calib09,400,1,90,5,391,417,98,495,523
Aneides aeneus,Aaen20,0.88,3.85,7.1,Aaen20_Vert02,4/30/24,240430_Calib09,400,1,90,7,334,361,122,444,479
Aneides aeneus,Aaen20,0.88,3.85,7.1,Aaen20_Vert03,4/30/24,240430_Calib09,400,1,90,10,346,374,98,442,476
Aneides aeneus,Aaen20,0.88,3.85,7.1,Aaen20_Vert05,4/30/24,240430_Calib09,400,1,90,4,385,419,121,496,531
Aneides aeneus,Aaen20,0.88,3.85,7.1,Aaen20_Vert06,4/30/24,240430_Calib09,400,1,90,8,266,297,96,364,395
Aneides aeneus,Aaen21,0.83,3.9,7.8,Aaen21_45deg01,3/5/24,240305_Calib01,400,1,45,3,110,126,48,156,176
Aneides aeneus,Aaen21,0.83,3.9,7.8,Aaen21_45deg02,3/5/24,240305_Calib01,400,1,45,3,173,191,71,223,239
Aneides aeneus,Aaen21,0.83,3.9,7.8,Aaen21_45deg03,3/5/24,240305_Calib01,400,1,45,4,85,102,42,137,152
Aneides aeneus,Aaen21,0.83,3.9,7.8,Aaen21_45deg04,3/5/24,240305_Calib01,400,1,45,3,162,184,71,257,281
Aneides aeneus,Aaen21,0.83,3.9,7.8,Aaen21_45deg05,3/5/24,240305_Calib01,400,1,45,3,119,137,57,173,192
Aneides aeneus,Aaen21,0.86,3.9,7.8,Aaen21_80deg01,3/4/24,240304_Calib03,400,1,80,3,244,265,100,314,335
Aneides aeneus,Aaen21,0.86,3.9,7.8,Aaen21_80deg02,3/4/24,240304_Calib03,400,1,80,6,350,371,122,451,471
Aneides aeneus,Aaen21,0.86,3.9,7.8,Aaen21_80deg03,3/4/24,240304_Calib03,400,1,80,3,263,285,82,337,355
Aneides aeneus,Aaen21,0.86,3.9,7.8,Aaen21_80deg04,3/4/24,240304_Calib03,400,1,80,6,357,382,148,447,479
Aneides aeneus,Aaen21,0.86,3.9,7.8,Aaen21_80deg05,3/4/24,240304_Calib03,400,1,80,6,366,391,143,457,485
Aneides aeneus,Aaen21,0.83,3.9,7.8,Aaen21_Flat01,3/5/24,240305_Calib04,400,1,0,3,137,153,53,184,201
Aneides aeneus,Aaen21,0.83,3.9,7.8,Aaen21_Flat02,3/5/24,240305_Calib04,400,1,0,2,95,119,45,134,149
Aneides aeneus,Aaen21,0.83,3.9,7.8,Aaen21_Flat03,3/5/24,240305_Calib04,400,1,0,2,94,113,44,138,151
Aneides aeneus,Aaen21,0.83,3.9,7.8,Aaen21_Flat04,3/5/24,240305_Calib05,400,1,0,3,148,168,65,206,226
Aneides aeneus,Aaen21,0.83,3.9,7.8,Aaen21_Flat05,3/5/24,240305_Calib05,400,1,0,2,134,156,60,199,217
Aneides aeneus,Aaen21,0.86,3.9,7.8,Aaen21_Vert01,3/4/24,240304_Calib06,400,1,90,9,314,340,128,416,456
Aneides aeneus,Aaen21,0.86,3.9,7.8,Aaen21_Vert02,3/4/24,240304_Calib06,400,1,90,4,442,465,144,561,589
Aneides aeneus,Aaen21,0.86,3.9,7.8,Aaen21_Vert03,3/4/24,240304_Calib06,400,1,90,5,485,526,141,657,694
Aneides aeneus,Aaen21,0.86,3.9,7.8,Aaen21_Vert04,3/4/24,240304_Calib06,400,1,90,5,286,312,99,371,409
Aneides aeneus,Aaen21,0.86,3.9,7.8,Aaen21_Vert05,3/4/24,240304_Calib06,400,1,90,6,459,494,136,607,633
Aneides aeneus,Aaen22,1.41,4.55,10.25,Aaen22_45deg02,4/19/24,240419_Calib01,400,1,45,5,126,147,65,178,204
Aneides aeneus,Aaen22,1.41,4.55,10.25,Aaen22_45deg03,4/19/24,240419_Calib01,400,1,45,4,145,169,64,211,239
Aneides aeneus,Aaen22,1.41,4.55,10.25,Aaen22_45deg04,4/19/24,240419_Calib01,400,1,45,3,113,135,59,166,191
Aneides aeneus,Aaen22,1.41,4.55,10.25,Aaen22_45deg05,4/19/24,240419_Calib01,400,1,45,3,133,155,61,197,224
Aneides aeneus,Aaen22,1.41,4.55,10.25,Aaen22_45deg06,4/19/24,240419_Calib01,400,1,45,3,86,105,50,127,148
Aneides aeneus,Aaen22,1.22,4.55,10.25,Aaen22_80deg01,4/27/24,240427_Calib11,400,1,80,3,177,204,71,241,270
Aneides aeneus,Aaen22,1.22,4.55,10.25,Aaen22_80deg02,4/27/24,240427_Calib11,400,1,80,5,224,253,92,291,320
Aneides aeneus,Aaen22,1.3,4.55,10.25,Aaen22_80deg05,4/29/24,240429_Calib09,400,1,80,6,371,404,160,473,516
Aneides aeneus,Aaen22,1.3,4.55,10.25,Aaen22_80deg06,4/29/24,240429_Calib09,400,1,80,6,266,296,105,360,392
Aneides aeneus,Aaen22,1.3,4.55,10.25,Aaen22_80deg07,4/29/24,240429_Calib09,400,1,80,3,261,292,87,347,392
Aneides aeneus,Aaen22,1.41,4.55,10.25,Aaen22_Flat02,4/11/24,240411_Calib02,400,1,0,3,74,96,41,112,133
Aneides aeneus,Aaen22,1.41,4.55,10.25,Aaen22_Flat03,4/11/24,240411_Calib02,400,1,0,4,104,128,53,155,179
Aneides aeneus,Aaen22,1.41,4.55,10.25,Aaen22_Flat04,4/11/24,240411_Calib02,400,1,0,4,76,94,39,110,129
Aneides aeneus,Aaen22,1.41,4.55,10.25,Aaen22_Flat05,4/11/24,240411_Calib02,400,1,0,4,93,116,45,145,175
Aneides aeneus,Aaen22,1.41,4.55,10.25,Aaen22_Flat06,4/11/24,240411_Calib04,400,1,0,3,101,129,57,154,179
Aneides aeneus,Aaen22,1.16,4.55,10.25,Aaen22_Vert02,4/30/24,240430_Calib09,400,1,90,4,580,615,163,734,778
Aneides aeneus,Aaen22,1.16,4.55,10.25,Aaen22_Vert04,4/30/24,240430_Calib09,400,1,90,3,379,409,117,496,529
Aneides aeneus,Aaen22,1.16,4.55,10.25,Aaen22_Vert05,4/30/24,240430_Calib09,400,1,90,3,594,629,161,745,791
Aneides aeneus,Aaen22,1.16,4.55,10.25,Aaen22_Vert06,4/30/24,240430_Calib09,400,1,90,6,429,463,135,573,606
Aneides aeneus,Aaen22,1.16,4.55,10.25,Aaen22_Vert07,4/30/24,240430_Calib09,400,1,90,6,502,532,171,624,655
Aneides aeneus,Aaen23,1.9,5,10.5,Aaen23_45deg01,11/7/23,231107_Calib01,400,1,45,3,140,178,85,219,257
Aneides aeneus,Aaen23,1.9,5,10.5,Aaen23_45deg02,11/7/23,231107_Calib01,400,1,45,4,190,224,96,283,338
Aneides aeneus,Aaen23,1.9,5,10.5,Aaen23_45deg03,11/8/23,231108_Calib04,400,1,45,4,247,281,100,336,386
Aneides aeneus,Aaen23,1.9,5,10.5,Aaen23_45deg04,11/8/23,231108_Calib04,400,1,45,8,238,268,127,328,376
Aneides aeneus,Aaen23,1.9,5,10.5,Aaen23_45deg05,11/8/23,231108_Calib04,400,1,45,3,206,239,98,292,332
Aneides aeneus,Aaen23,1.51,5,10.5,Aaen23_Flat02,11/21/23,231121_Calib04,400,1,0,5,295,345,157,400,451
Aneides aeneus,Aaen23,1.51,5,10.5,Aaen23_Flat03,11/21/23,231121_Calib06,400,1,0,5,272,327,127,395,466
Aneides aeneus,Aaen23,1.51,5,10.5,Aaen23_Flat05,11/21/23,231121_Calib06,400,1,0,10,290,341,175,394,460
Aneides aeneus,Aaen23,1.51,5,10.5,Aaen23_Flat06,11/22/23,231122_Calib03,400,1,0,5,217,264,114,316,364
Aneides aeneus,Aaen23,1.44,5,10.5,Aaen23_Flat07,12/6/23,231206_Calib03,400,1,0,3,208,248,83,296,329
Aneides aeneus,Aaen23,1.84,5,10.5,Aaen23_Vert01,11/17/23,231117_Calib02,400,1,90,8,300,351,128,429,480
Aneides aeneus,Aaen23,1.84,5,10.5,Aaen23_Vert03,11/17/23,231117_Calib03,400,1,90,18,475,525,154,599,654
Aneides aeneus,Aaen23,1.84,5,10.5,Aaen23_Vert04,11/18/23,231118_Calib06,400,1,90,8,345,395,129,456,501
Aneides aeneus,Aaen23,1.84,5,10.5,Aaen23_Vert05,11/18/23,231118_Calib06,400,1,90,5,303,342,119,402,462
Aneides aeneus,Aaen23,1.51,5,10.5,Aaen23_Vert06,11/21/23,231121_Calib01,400,1,90,13,827,894,193,1059,1112
Aneides aeneus,Aaen25,1.55,5,11.1,Aaen25_45deg01,4/19/24,240419_Calib01,400,1,45,7,278,322,119,396,453
Aneides aeneus,Aaen25,1.55,5,11.1,Aaen25_45deg02,4/19/24,240419_Calib01,400,1,45,7,282,319,130,385,445
Aneides aeneus,Aaen25,1.55,5,11.1,Aaen25_45deg03,4/19/24,240419_Calib01,400,1,45,7,268,308,135,366,415
Aneides aeneus,Aaen25,1.55,5,11.1,Aaen25_45deg05,4/19/24,240419_Calib01,400,1,45,4,352,398,157,482,537
Aneides aeneus,Aaen25,1.55,5,11.1,Aaen25_45deg06,4/19/24,240419_Calib01,400,1,45,8,260,297,111,363,412
Aneides aeneus,Aaen25,1.6,5,11.1,Aaen25_80deg01,4/27/24,240427_Calib11,400,1,80,8,427,462,171,548,603
Aneides aeneus,Aaen25,1.6,5,11.1,Aaen25_80deg02,4/27/24,240427_Calib11,400,1,80,8,415,457,174,529,588
Aneides aeneus,Aaen25,1.5,5,11.1,Aaen25_80deg05,4/29/24,240429_Calib09,400,1,80,12,359,398,139,465,514
Aneides aeneus,Aaen25,1.5,5,11.1,Aaen25_80deg06,4/29/24,240429_Calib09,400,1,80,6,266,296,105,360,392
Aneides aeneus,Aaen25,1.5,5,11.1,Aaen25_80deg07,4/29/24,240429_Calib09,400,1,80,12,464,517,181,592,642
Aneides aeneus,Aaen25,1.63,5,11.1,Aaen25_Flat01,4/11/24,240411_Calib05,400,1,0,6,412,447,201,536,609
Aneides aeneus,Aaen25,1.63,5,11.1,Aaen25_Flat03,4/11/24,240411_Calib05,400,1,0,4,360,396,159,480,537
Aneides aeneus,Aaen25,1.63,5,11.1,Aaen25_Flat04,4/11/24,240411_Calib05,400,1,0,5,274,312,120,387,432
Aneides aeneus,Aaen25,1.63,5,11.1,Aaen25_Flat05,4/11/24,240411_Calib05,400,1,0,6,482,534,253,641,736
Aneides aeneus,Aaen25,1.63,5,11.1,Aaen25_Flat06,4/11/24,240411_Calib05,400,1,0,3,536,582,238,706,785
Aneides aeneus,Aaen25,1.61,5,11.1,Aaen25_Vert01,5/1/24,240501_Calib02,400,1,90,5,653,698,206,835,913
Aneides aeneus,Aaen25,1.61,5,11.1,Aaen25_Vert02,5/1/24,240501_Calib02,400,1,90,7,465,501,160,591,640
Aneides aeneus,Aaen25,1.61,5,11.1,Aaen25_Vert03,5/1/24,240501_Calib02,400,1,90,6,488,525,160,623,691
Aneides aeneus,Aaen25,1.61,5,11.1,Aaen25_Vert04,5/1/24,240501_Calib02,400,1,90,5,550,590,194,687,756
Aneides aeneus,Aaen25,1.61,5,11.1,Aaen25_Vert06,5/1/24,240501_Calib02,400,1,90,7,503,536,158,633,690
Aneides aeneus,Aaen27,1,4.1,8.1,Aaen27_45deg02,4/16/24,240416_Calib03,400,1,45,3,97,118,48,158,181
Aneides aeneus,Aaen27,1,4.1,8.1,Aaen27_45deg03,4/16/24,240416_Calib03,400,1,45,3,124,145,63,188,212
Aneides aeneus,Aaen27,1,4.1,8.1,Aaen27_45deg04,4/16/24,240416_Calib03,400,1,45,7,179,201,94,255,283
Aneides aeneus,Aaen27,1,4.1,8.1,Aaen27_45deg05,4/16/24,240416_Calib03,400,1,45,5,226,252,101,310,338
Aneides aeneus,Aaen27,1,4.1,8.1,Aaen27_45deg06,4/16/24,240416_Calib03,400,1,45,4,220,250,87,324,346
Aneides aeneus,Aaen27,1.12,4.1,8.1,Aaen27_80deg01,4/24/24,240424_Calib01,400,1,80,5,306,334,118,411,452
Aneides aeneus,Aaen27,1.12,4.1,8.1,Aaen27_80deg02,4/24/24,240424_Calib01,400,1,80,10,386,411,150,509,533
Aneides aeneus,Aaen27,1.12,4.1,8.1,Aaen27_80deg03,4/24/24,240424_Calib01,400,1,80,7,289,309,112,388,417
Aneides aeneus,Aaen27,1.12,4.1,8.1,Aaen27_80deg05,4/24/24,240424_Calib01,400,1,80,7,472,503,163,638,678
Aneides aeneus,Aaen27,1.12,4.1,8.1,Aaen27_80deg06,4/24/24,240424_Calib01,400,1,80,2,393,417,134,514,542
Aneides aeneus,Aaen27,1.1,4.1,8.1,Aaen27_Flat02,4/10/24,240410_Calib05,400,1,0,3,110,131,59,163,191
Aneides aeneus,Aaen27,1.1,4.1,8.1,Aaen27_Flat03,4/10/24,240410_Calib05,400,1,0,2,236,265,113,344,381
Aneides aeneus,Aaen27,1.1,4.1,8.1,Aaen27_Flat04,4/10/24,240410_Calib05,400,1,0,2,156,183,77,229,264
Aneides aeneus,Aaen27,1.1,4.1,8.1,Aaen27_Flat05,4/10/24,240410_Calib05,400,1,0,3,104,127,57,154,180
Aneides aeneus,Aaen27,1.1,4.1,8.1,Aaen27_Flat06,4/10/24,240410_Calib05,400,1,0,2,210,238,93,303,338
Aneides aeneus,Aaen27,1.08,4.1,8.1,Aaen27_Vert01,4/30/24,240430_Calib09,400,1,90,3,263,284,93,375,395
Aneides aeneus,Aaen27,1.08,4.1,8.1,Aaen27_Vert02,4/30/24,240430_Calib09,400,1,90,6,450,472,165,593,618
Aneides aeneus,Aaen27,1.08,4.1,8.1,Aaen27_Vert04,4/30/24,240430_Calib09,400,1,90,4,348,368,121,468,494
Aneides aeneus,Aaen27,1.08,4.1,8.1,Aaen27_Vert05,4/30/24,240430_Calib09,400,1,90,4,489,514,168,647,675
Aneides aeneus,Aaen27,1.08,4.1,8.1,Aaen27_Vert06,4/30/24,240430_Calib09,400,1,90,8,462,486,168,594,623
Aneides aeneus,Aaen28,1.5,4.9,10.6,Aaen28_45deg04,11/8/23,231108_Calib04,400,1,45,3,85,106,46,122,147
Aneides aeneus,Aaen28,1.5,4.9,10.6,Aaen28_45deg05,11/8/23,231108_Calib04,400,1,45,5,79,97,45,114,138
Aneides aeneus,Aaen28,1.5,4.9,10.6,Aaen28_45deg06,11/8/23,231108_Calib04,400,1,45,3,76,95,45,113,133
Aneides aeneus,Aaen28,1.5,4.9,10.6,Aaen28_45deg07,11/8/23,231108_Calib04,400,1,45,3,82,103,43,121,143
Aneides aeneus,Aaen28,1.5,4.9,10.6,Aaen28_45deg08,11/8/23,231108_Calib04,400,1,45,4,106,128,59,150,172
Aneides aeneus,Aaen28,1.66,4.9,10.6,Aaen28_80deg01,2/27/24,240227_Calib03,400,1,80,4,185,212,82,249,279
Aneides aeneus,Aaen28,1.66,4.9,10.6,Aaen28_80deg02,2/27/24,240227_Calib03,400,1,80,4,324,356,121,419,460
Aneides aeneus,Aaen28,1.66,4.9,10.6,Aaen28_80deg03,2/27/24,240227_Calib03,400,1,80,4,207,233,92,268,302
Aneides aeneus,Aaen28,1.66,4.9,10.6,Aaen28_80deg04,2/27/24,240227_Calib03,400,1,80,5,269,297,119,344,374
Aneides aeneus,Aaen28,1.66,4.9,10.6,Aaen28_80deg05,2/27/24,240227_Calib03,400,1,80,4,200,228,72,270,306
Aneides aeneus,Aaen28,1.51,4.9,10.6,Aaen28_Flat01,11/21/23,231121_Calib06,400,1,0,7,116,138,72,157,182
Aneides aeneus,Aaen28,1.51,4.9,10.6,Aaen28_Flat02,11/21/23,231121_Calib06,400,1,0,3,77,100,43,117,142
Aneides aeneus,Aaen28,1.51,4.9,10.6,Aaen28_Flat03,11/21/23,231121_Calib06,400,1,0,5,72,92,43,105,129
Aneides aeneus,Aaen28,1.51,4.9,10.6,Aaen28_Flat05,11/21/23,231121_Calib06,400,1,0,5,80,101,42,121,143
Aneides aeneus,Aaen28,1.51,4.9,10.6,Aaen28_Flat07,11/21/23,231121_Calib06,400,1,0,5,69,87,39,99,122
Aneides aeneus,Aaen28,1.51,4.9,10.6,Aaen28_Vert01,11/17/23,231117_Calib02,400,1,90,9,511,538,160,643,670
Aneides aeneus,Aaen28,1.51,4.9,10.6,Aaen28_Vert02,11/17/23,231117_Calib02,400,1,90,5,177,206,76,251,281
Aneides aeneus,Aaen28,1.51,4.9,10.6,Aaen28_Vert03,11/17/23,231117_Calib02,400,1,90,9,351,380,107,470,545
Aneides aeneus,Aaen28,1.51,4.9,10.6,Aaen28_Vert04,11/17/23,231117_Calib02,400,1,90,5,481,512,137,638,679
Aneides aeneus,Aaen28,1.51,4.9,10.6,Aaen28_Vert05,11/17/23,231117_Calib02,400,1,90,4,425,456,132,554,595
Aneides aeneus,Aaen29,1.8,5.4,10.4,Aaen29_45deg01,11/8/23,231108_Calib04,400,1,45,3,155,181,83,222,252
Aneides aeneus,Aaen29,1.8,5.4,10.4,Aaen29_45deg02,11/8/23,231108_Calib04,400,1,45,5,227,256,97,329,359
Aneides aeneus,Aaen29,1.8,5.4,10.4,Aaen29_45deg04,11/8/23,231108_Calib04,400,1,45,4,207,230,94,299,329
Aneides aeneus,Aaen29,1.8,5.4,10.4,Aaen29_45deg05,11/8/23,231108_Calib04,400,1,45,5,203,228,101,298,333
Aneides aeneus,Aaen29,1.8,5.4,10.4,Aaen29_45deg07,11/8/23,231108_Calib04,400,1,45,3,147,172,81,219,248
Aneides aeneus,Aaen29,1.83,5.4,10.4,Aaen29_80deg01,2/27/24,240227_Calib03,400,1,80,4,398,427,123,516,550
Aneides aeneus,Aaen29,1.83,5.4,10.4,Aaen29_80deg02,2/27/24,240227_Calib03,400,1,80,3,289,313,88,378,402
Aneides aeneus,Aaen29,1.83,5.4,10.4,Aaen29_80deg04,2/27/24,240227_Calib03,400,1,80,8,396,425,121,512,535
Aneides aeneus,Aaen29,1.83,5.4,10.4,Aaen29_80deg05,2/27/24,240227_Calib03,400,1,80,4,485,512,140,626,654
Aneides aeneus,Aaen29,1.83,5.4,10.4,Aaen29_80deg06,2/27/24,240227_Calib03,400,1,80,3,456,488,118,574,607
Aneides aeneus,Aaen29,1.85,5.4,10.4,Aaen29_Flat01,11/22/23,231122_Calib03,400,1,0,5,154,181,76,240,274
Aneides aeneus,Aaen29,1.85,5.4,10.4,Aaen29_Flat02,11/22/23,231122_Calib03,400,1,0,4,211,235,104,294,329
Aneides aeneus,Aaen29,1.85,5.4,10.4,Aaen29_Flat03,11/22/23,231122_Calib03,400,1,0,5,78,99,53,124,146
Aneides aeneus,Aaen29,1.85,5.4,10.4,Aaen29_Flat05,11/22/23,231122_Calib03,400,1,0,5,198,224,102,275,310
Aneides aeneus,Aaen29,1.85,5.4,10.4,Aaen29_Flat06,11/22/23,231122_Calib03,400,1,0,5,230,254,110,325,363
Aneides aeneus,Aaen29,1.76,5.4,10.4,Aaen29_Vert01,11/17/23,231117_Calib02,400,1,90,4,658,694,177,820,845
Aneides aeneus,Aaen29,1.76,5.4,10.4,Aaen29_Vert02,11/17/23,231117_Calib02,400,1,90,9,636,672,184,803,840
Aneides aeneus,Aaen29,1.76,5.4,10.4,Aaen29_Vert04,11/17/23,231117_Calib02,400,1,90,8,674,710,215,830,875
Aneides aeneus,Aaen29,1.76,5.4,10.4,Aaen29_Vert05,11/17/23,231117_Calib02,400,1,90,5,524,564,165,691,717
Aneides aeneus,Aaen29,1.76,5.4,10.4,Aaen29_Vert06,11/17/23,231117_Calib02,400,1,90,6,493,536,130,644,680
Aneides aeneus,Aaen30,2.1,5.85,11.3,Aaen30_45deg01,11/7/23,231107_Calib01,400,1,45,5,213,246,107,304,348
Aneides aeneus,Aaen30,2.1,5.85,11.3,Aaen30_45deg02,11/7/23,231107_Calib01,400,1,45,3,151,184,90,227,277
Aneides aeneus,Aaen30,2.1,5.85,11.3,Aaen30_45deg03,11/7/23,231107_Calib01,400,1,45,4,137,159,81,187,214
Aneides aeneus,Aaen30,2.1,5.85,11.3,Aaen30_45deg04,11/7/23,231107_Calib01,400,1,45,12,220,251,131,305,352
Aneides aeneus,Aaen30,2.1,5.85,11.3,Aaen30_45deg05,11/7/23,231107_Calib01,400,1,45,3,154,183,86,234,275
Aneides aeneus,Aaen30,2.1,5.85,11.3,Aaen30_Flat01,11/2/23,231102_Calib01,400,1,0,4,133,162,72,192,228
Aneides aeneus,Aaen30,2.1,5.85,11.3,Aaen30_Flat02,11/2/23,231102_Calib01,400,1,0,4,124,155,74,182,223
Aneides aeneus,Aaen30,2.1,5.85,11.3,Aaen30_Flat03,11/2/23,231102_Calib01,400,1,0,8,246,277,127,324,368
Aneides aeneus,Aaen30,2.1,5.85,11.3,Aaen30_Flat04,11/2/23,231102_Calib01,400,1,0,8,179,214,98,259,306
Aneides aeneus,Aaen30,2.1,5.85,11.3,Aaen30_Flat05,11/2/23,231102_Calib01,400,1,0,3,154,183,86,234,275
Aneides aeneus,Aaen30,2.12,5.85,11.3,Aaen30_Vert01,11/17/23,231117_Calib01,400,1,90,10,487,524,184,615,674
Aneides aeneus,Aaen30,2.12,5.85,11.3,Aaen30_Vert02,11/17/23,231117_Calib01,400,1,90,10,488,524,161,615,657
Aneides aeneus,Aaen30,2.12,5.85,11.3,Aaen30_Vert03,11/17/23,231117_Calib01,400,1,90,6,501,543,153,637,703
Aneides aeneus,Aaen30,2.12,5.85,11.3,Aaen30_Vert04,11/17/23,231117_Calib01,400,1,90,12,557,593,214,703,775
Aneides aeneus,Aaen30,2.12,5.85,11.3,Aaen30_Vert05,11/17/23,231117_Calib01,400,1,90,7,433,463,149,539,582
Aneides hardii,Ahar01,1.55,4.6,8.4,Ahar01_45deg02,11/15/23,231115_Calib11,400,1,45,6,225,267,112,316,368
Aneides hardii,Ahar01,1.55,4.6,8.4,Ahar01_45deg04,11/15/23,231115_Calib11,400,1,45,8,308,359,166,430,492
Aneides hardii,Ahar01,1.55,4.6,8.4,Ahar01_45deg05,11/15/23,231115_Calib11,400,1,45,13,280,326,146,396,452
Aneides hardii,Ahar01,1.55,4.6,8.4,Ahar01_45deg06,11/15/23,231115_Calib11,400,1,45,8,315,369,154,448,522
Aneides hardii,Ahar01,1.55,4.6,8.4,Ahar01_45deg07,11/15/23,231115_Calib11,400,1,45,8,316,364,152,439,496
Aneides hardii,Ahar01,1.29,4.6,8.4,Ahar01_80deg01,12/12/23,231212_Calib01,400,1,80,10,982,1055,337,1261,1344
Aneides hardii,Ahar01,1.29,4.6,8.4,Ahar01_80deg02,12/12/23,231212_Calib01,400,1,80,7,869,934,340,1148,1222
Aneides hardii,Ahar01,1.29,4.6,8.4,Ahar01_80deg03,12/12/23,231212_Calib01,400,1,80,11,818,905,229,1068,1156
Aneides hardii,Ahar01,1.29,4.6,8.4,Ahar01_80deg05,12/12/23,231212_Calib01,400,1,80,11,667,738,277,886,974
Aneides hardii,Ahar01,1.6,4.6,8.4,Ahar01_80deg06,1/27/24,240127_Calib02,400,1,80,7,1693,1750,551,2035,2115
Aneides hardii,Ahar01,1.49,4.6,8.4,Ahar01_Flat03,11/22/23,231122_Calib05,400,1,0,12,282,339,180,403,458
Aneides hardii,Ahar01,1.49,4.6,8.4,Ahar01_Flat04,11/22/23,231122_Calib05,400,1,0,6,160,200,94,242,287
Aneides hardii,Ahar01,1.49,4.6,8.4,Ahar01_Flat05,11/22/23,231122_Calib05,400,1,0,6,217,258,113,310,364
Aneides hardii,Ahar01,1.49,4.6,8.4,Ahar01_Flat06,11/22/23,231122_Calib05,400,1,0,5,219,260,118,310,365
Aneides hardii,Ahar01,1.49,4.6,8.4,Ahar01_Flat07,11/22/23,231122_Calib05,400,1,0,4,188,233,109,283,331
Aneides hardii,Ahar01,1.49,4.6,8.4,Ahar01_Vert02,11/20/23,231120_Calib07,400,1,90,8,979,1030,262,1159,1247
Aneides hardii,Ahar02,0.93,3.95,7.1,Ahar02_45deg01,11/15/23,231115_Calib11,400,1,45,9,242,280,93,320,365
Aneides hardii,Ahar02,0.93,3.95,7.1,Ahar02_45deg02,11/15/23,231115_Calib11,400,1,45,6,234,276,100,323,366
Aneides hardii,Ahar02,0.93,3.95,7.1,Ahar02_45deg04,11/15/23,231115_Calib11,400,1,45,4,204,242,97,285,332
Aneides hardii,Ahar02,0.93,3.95,7.1,Ahar02_45deg05,11/15/23,231115_Calib11,400,1,45,4,212,255,103,303,358
Aneides hardii,Ahar02,0.93,3.95,7.1,Ahar02_45deg06,11/15/23,231115_Calib11,400,1,45,5,209,253,96,299,347
Aneides hardii,Ahar02,0.88,3.95,7.1,Ahar02_80deg01,12/12/23,231212_Calib01,400,1,80,9,989,1033,198,1190,1260
Aneides hardii,Ahar02,0.88,3.95,7.1,Ahar02_80deg03,12/12/23,231212_Calib01,400,1,80,4,669,731,166,856,912
Aneides hardii,Ahar02,0.88,3.95,7.1,Ahar02_80deg04,12/12/23,231212_Calib01,400,1,80,5,600,659,137,764,824
Aneides hardii,Ahar02,0.88,3.95,7.1,Ahar02_80deg05,12/12/23,231212_Calib01,400,1,80,4,582,633,131,719,780
Aneides hardii,Ahar02,0.88,3.95,7.1,Ahar02_80deg06,12/12/23,231212_Calib01,400,1,80,9,743,817,178,927,998
Aneides hardii,Ahar02,1,3.95,7.1,Ahar02_Flat02,11/22/23,231122_Calib05,400,1,0,4,118,154,74,181,223
Aneides hardii,Ahar02,1,3.95,7.1,Ahar02_Flat03,11/22/23,231122_Calib05,400,1,0,5,133,165,72,187,222
Aneides hardii,Ahar02,1,3.95,7.1,Ahar02_Flat04,11/22/23,231122_Calib05,400,1,0,4,141,179,71,215,255
Aneides hardii,Ahar02,1,3.95,7.1,Ahar02_Flat05,11/22/23,231122_Calib05,400,1,0,5,152,199,90,234,283
Aneides hardii,Ahar02,1,3.95,7.1,Ahar02_Flat06,11/22/23,231122_Calib05,400,1,0,6,221,270,122,324,374
Aneides hardii,Ahar03,1.71,4.8,8.55,Ahar03_45deg01,11/15/23,231115_Calib11,400,1,45,9,375,442,169,535,607
Aneides hardii,Ahar03,1.71,4.8,8.55,Ahar03_45deg02,11/15/23,231115_Calib11,400,1,45,5,285,344,154,406,481
Aneides hardii,Ahar03,1.71,4.8,8.55,Ahar03_45deg03,11/15/23,231115_Calib11,400,1,45,5,277,332,142,406,494
Aneides hardii,Ahar03,1.71,4.8,8.55,Ahar03_45deg04,11/15/23,231115_Calib11,400,1,45,6,219,256,124,312,373
Aneides hardii,Ahar03,1.71,4.8,8.55,Ahar03_45deg05,11/15/23,231115_Calib11,400,1,45,4,267,309,134,386,441
Aneides hardii,Ahar03,1.6,4.8,8.55,Ahar03_80deg02,12/12/23,231212_Calib01,400,1,80,11,625,668,202,811,882
Aneides hardii,Ahar03,1.6,4.8,8.55,Ahar03_80deg03,12/12/23,231212_Calib01,400,1,80,10,733,815,221,935,1010
Aneides hardii,Ahar03,1.6,4.8,8.55,Ahar03_80deg05,12/12/23,231212_Calib01,400,1,80,44,669,745,287,862,933
Aneides hardii,Ahar03,1.6,4.8,8.55,Ahar03_80deg06,12/12/23,231212_Calib01,400,1,80,6,613,684,175,804,873
Aneides hardii,Ahar03,1.6,4.8,8.55,Ahar03_80deg07,12/12/23,231212_Calib01,400,1,80,10,776,852,246,993,1070
Aneides hardii,Ahar03,1.82,4.8,8.55,Ahar03_Flat02,11/22/23,231122_Calib05,400,1,0,7,137,176,88,217,262
Aneides hardii,Ahar03,1.82,4.8,8.55,Ahar03_Flat03,11/22/23,231122_Calib05,400,1,0,7,227,273,124,339,393
Aneides hardii,Ahar03,1.82,4.8,8.55,Ahar03_Flat04,11/22/23,231122_Calib05,400,1,0,8,211,259,131,313,379
Aneides hardii,Ahar03,1.82,4.8,8.55,Ahar03_Flat05,11/22/23,231122_Calib05,400,1,0,8,236,284,124,359,419
Aneides hardii,Ahar03,1.82,4.8,8.55,Ahar03_Flat06,11/22/23,231122_Calib05,400,1,0,8,202,253,124,305,378
Aneides hardii,Ahar04,1,4.5,7.9,Ahar04_45deg02,11/15/23,231115_Calib11,400,1,45,4,263,317,109,373,439
Aneides hardii,Ahar04,1,4.5,7.9,Ahar04_45deg04,11/15/23,231115_Calib11,400,1,45,4,251,297,103,347,406
Aneides hardii,Ahar04,1,4.5,7.9,Ahar04_45deg05,11/15/23,231115_Calib11,400,1,45,7,315,369,146,454,513
Aneides hardii,Ahar04,1,4.5,7.9,Ahar04_45deg06,11/15/23,231115_Calib11,400,1,45,7,307,361,132,420,488
Aneides hardii,Ahar04,1,4.5,7.9,Ahar04_45deg07,11/15/23,231115_Calib11,400,1,45,5,306,360,129,419,482
Aneides hardii,Ahar04,0.83,4.5,7.9,Ahar04_80deg01,12/11/23,231211_Calib06,400,1,80,8,1080,1132,248,1314,1348
Aneides hardii,Ahar04,0.83,4.5,7.9,Ahar04_80deg03,12/12/23,231212_Calib01,400,1,80,10,1153,1221,271,1459,1506
Aneides hardii,Ahar04,0.83,4.5,7.9,Ahar04_80deg04,12/12/23,231212_Calib01,400,1,80,6,889,953,204,1140,1192
Aneides hardii,Ahar04,0.83,4.5,7.9,Ahar04_80deg05,12/12/23,231212_Calib01,400,1,80,10,750,821,234,966,1019
Aneides hardii,Ahar04,0.83,4.5,7.9,Ahar04_80deg06,12/12/23,231212_Calib01,400,1,80,5,734,825,254,983,1041
Aneides hardii,Ahar04,0.97,4.5,7.9,Ahar04_Flat01,11/22/23,231122_Calib05,400,1,0,11,250,292,131,362,411
Aneides hardii,Ahar04,0.97,4.5,7.9,Ahar04_Flat02,11/22/23,231122_Calib05,400,1,0,9,237,278,125,326,378
Aneides hardii,Ahar04,0.97,4.5,7.9,Ahar04_Flat03,11/22/23,231122_Calib05,400,1,0,8,317,360,162,426,491
Aneides hardii,Ahar04,0.97,4.5,7.9,Ahar04_Flat04,11/22/23,231122_Calib05,400,1,0,6,258,304,116,367,426
Aneides hardii,Ahar04,0.97,4.5,7.9,Ahar04_Flat05,11/22/23,231122_Calib05,400,1,0,5,191,233,97,277,332
Aneides hardii,Ahar05,2.6,5.7,10.2,Ahar05_45deg01,11/6/23,231106_Calib02,400,1,45,8,447,505,246,640,716
Aneides hardii,Ahar05,2.6,5.7,10.2,Ahar05_45deg02,11/6/23,231106_Calib02,400,1,45,8,324,371,183,470,525
Aneides hardii,Ahar05,2.6,5.7,10.2,Ahar05_45deg03,11/6/23,231106_Calib02,400,1,45,14,350,399,215,487,543
Aneides hardii,Ahar05,2.6,5.7,10.2,Ahar05_45deg04,11/6/23,231106_Calib02,400,1,45,7,230,270,130,331,383
Aneides hardii,Ahar05,2.6,5.7,10.2,Ahar05_45deg06,11/6/23,231106_Calib02,400,1,45,10,212,254,120,308,354
Aneides hardii,Ahar05,2.04,5.7,10.2,Ahar05_80deg01,1/27/24,240127_Calib04,400,1,80,5,1634,1693,470,1993,2041
Aneides hardii,Ahar05,2.04,5.7,10.2,Ahar05_80deg02,1/27/24,240127_Calib04,400,1,80,8,1470,1523,461,1833,1884
Aneides hardii,Ahar05,2.04,5.7,10.2,Ahar05_80deg03,1/27/24,240127_Calib04,400,1,80,13,1339,1399,468,1687,1763
Aneides hardii,Ahar05,2.06,5.7,10.2,Ahar05_80deg05,2/17/24,240217_Calib01,400,1,80,8,2047,2103,472,2578,2641
Aneides hardii,Ahar05,2.06,5.7,10.2,Ahar05_80deg06,2/17/24,240217_Calib01,400,1,80,7,1712,1780,482,2177,2242
Aneides hardii,Ahar05,2.46,5.7,10.2,Ahar05_Flat02,11/22/23,231122_Calib03,400,1,0,7,242,278,144,354,409
Aneides hardii,Ahar05,2.46,5.7,10.2,Ahar05_Flat03,11/22/23,231122_Calib03,400,1,0,6,177,206,112,257,297
Aneides hardii,Ahar05,2.46,5.7,10.2,Ahar05_Flat04,11/22/23,231122_Calib03,400,1,0,7,183,214,113,272,313
Aneides hardii,Ahar05,2.46,5.7,10.2,Ahar05_Flat05,11/22/23,231122_Calib03,400,1,0,6,193,230,115,294,334
Aneides hardii,Ahar05,2.46,5.7,10.2,Ahar05_Flat06,11/22/23,231122_Calib03,400,1,0,8,164,191,98,241,280
Aneides hardii,Ahar06,1.33,5,8.4,Ahar06_45deg01,5/20/24,240520_Calib01,400,1,45,4,983,1099,298,1244,1353
Aneides hardii,Ahar06,1.33,5,8.4,Ahar06_45deg02,5/20/24,240520_Calib01,400,1,45,13,1002,1128,472,1254,1455
Aneides hardii,Ahar06,1.33,5,8.4,Ahar06_45deg03,5/20/24,240520_Calib01,400,1,45,1,597,704,233,768,871
Aneides hardii,Ahar06,1.33,5,8.4,Ahar06_45deg04,5/20/24,240520_Calib03,400,1,45,3,366,434,133,490,543
Aneides hardii,Ahar06,1.33,5,8.4,Ahar06_45deg07,5/20/24,240520_Calib03,400,1,45,4,340,401,143,477,544
Aneides hardii,Ahar06,1.33,5,8.4,Ahar06_80deg01,5/21/24,240521_Calib01,400,1,80,16,1282,1379,414,1833,1887
Aneides hardii,Ahar06,1.51,5,8.4,Ahar06_80deg04,6/6/24,240606_Calib04,400,1,80,12,1993,2121,432,2360,2468
Aneides hardii,Ahar06,1.51,5,8.4,Ahar06_80deg05,6/6/24,240606_Calib04,400,1,80,13,2002,2103,570,2408,2468
Aneides hardii,Ahar06,1.51,5,8.4,Ahar06_80deg06,6/7/24,240607_Calib01,400,1,80,30,1272,1362,310,1671,1711
Aneides hardii,Ahar06,1.51,5,8.4,Ahar06_80deg08,6/7/24,240607_Calib01,400,1,80,42,1310,1391,305,1615,1665
Aneides hardii,Ahar06,1.61,5,8.4,Ahar06_Flat01,4/15/24,240415_Calib04,400,1,0,5,328,383,132,457,506
Aneides hardii,Ahar06,1.61,5,8.4,Ahar06_Flat02,4/15/24,240415_Calib04,400,1,0,9,369,423,158,514,568
Aneides hardii,Ahar06,1.61,5,8.4,Ahar06_Flat03,4/15/24,240415_Calib04,400,1,0,8,334,385,161,475,532
Aneides hardii,Ahar06,1.61,5,8.4,Ahar06_Flat05,4/15/24,240415_Calib04,400,1,0,7,259,305,122,365,418
Aneides hardii,Ahar06,1.61,5,8.4,Ahar06_Flat06,4/15/24,240415_Calib04,400,1,0,5,320,372,146,452,499
Aneides hardii,Ahar07,1.15,4.05,8,Ahar07_45deg02,11/15/23,231115_Calib11,400,1,45,6,378,420,160,511,560
Aneides hardii,Ahar07,1.15,4.05,8,Ahar07_45deg03,11/15/23,231115_Calib11,400,1,45,7,417,463,190,569,610
Aneides hardii,Ahar07,1.15,4.05,8,Ahar07_45deg04,11/15/23,231115_Calib11,400,1,45,5,320,358,146,445,490
Aneides hardii,Ahar07,1.15,4.05,8,Ahar07_45deg06,11/15/23,231115_Calib11,400,1,45,4,297,341,139,436,479
Aneides hardii,Ahar07,1.15,4.05,8,Ahar07_45deg07,11/15/23,231115_Calib11,400,1,45,5,281,320,129,397,446
Aneides hardii,Ahar07,0.95,4.05,8,Ahar07_80deg01,12/12/23,231212_Calib01,400,1,80,12,1088,1152,305,1424,1493
Aneides hardii,Ahar07,0.95,4.05,8,Ahar07_80deg02,12/12/23,231212_Calib01,400,1,80,11,1150,1220,374,1470,1548
Aneides hardii,Ahar07,0.95,4.05,8,Ahar07_80deg05,12/12/23,231212_Calib01,400,1,80,11,657,720,210,824,899
Aneides hardii,Ahar07,1.2,4.05,8,Ahar07_80deg07,1/23/24,240123_Calib01,400,1,80,11,1132,1189,371,1431,1505
Aneides hardii,Ahar07,1.2,4.05,8,Ahar07_80deg08,1/23/24,240123_Calib01,400,1,80,10,873,936,254,1115,1188
Aneides hardii,Ahar07,1.08,4.05,8,Ahar07_Flat01,11/22/23,231122_Calib05,400,1,0,10,416,452,180,559,611
Aneides hardii,Ahar07,1.08,4.05,8,Ahar07_Flat02,11/22/23,231122_Calib05,400,1,0,10,331,365,155,451,495
Aneides hardii,Ahar07,1.08,4.05,8,Ahar07_Flat04,11/22/23,231122_Calib05,400,1,0,5,234,264,124,328,377
Aneides hardii,Ahar07,1.08,4.05,8,Ahar07_Flat05,11/22/23,231122_Calib05,400,1,0,8,200,230,109,282,324
Aneides hardii,Ahar07,1.08,4.05,8,Ahar07_Flat06,11/22/23,231122_Calib05,400,1,0,7,260,294,136,365,412
Aneides hardii,Ahar08,2.1,5.35,10.2,Ahar08_45deg02,11/6/23,231106_Calib02,400,1,45,8,453,513,165,615,685
Aneides hardii,Ahar08,2.1,5.35,10.2,Ahar08_45deg03,11/6/23,231106_Calib02,400,1,45,10,436,490,170,581,642
Aneides hardii,Ahar08,2.1,5.35,10.2,Ahar08_45deg04,11/6/23,231106_Calib02,400,1,45,8,436,494,179,596,654
Aneides hardii,Ahar08,2.1,5.35,10.2,Ahar08_45deg05,11/6/23,231106_Calib02,400,1,45,6,379,439,166,532,606
Aneides hardii,Ahar08,2.1,5.35,10.2,Ahar08_45deg06,11/6/23,231106_Calib02,400,1,45,11,407,466,163,574,645
Aneides hardii,Ahar08,1.94,5.35,10.2,Ahar08_80deg01,1/27/24,240127_Calib04,400,1,80,12,1237,1306,315,1554,1632
Aneides hardii,Ahar08,1.94,5.35,10.2,Ahar08_80deg02,1/27/24,240127_Calib04,400,1,80,13,1154,1232,255,1423,1496
Aneides hardii,Ahar08,1.94,5.35,10.2,Ahar08_80deg04,1/27/24,240127_Calib04,400,1,80,28,1155,1223,305,1440,1535
Aneides hardii,Ahar08,1.86,5.35,10.2,Ahar08_80deg05,2/2/24,240202_Calib01,400,1,80,6,1008,1080,248,1281,1366
Aneides hardii,Ahar08,1.92,5.35,10.2,Ahar08_80deg06,2/6/24,240206_Calib02,400,1,80,15,1814,1891,339,2135,2186
Aneides hardii,Ahar08,2.11,5.35,10.2,Ahar08_Flat02,11/22/23,231122_Calib03,400,1,0,6,324,373,162,455,510
Aneides hardii,Ahar08,2.11,5.35,10.2,Ahar08_Flat03,11/22/23,231122_Calib03,400,1,0,11,413,470,188,581,641
Aneides hardii,Ahar08,2.11,5.35,10.2,Ahar08_Flat04,11/22/23,231122_Calib03,400,1,0,10,512,578,222,714,784
Aneides hardii,Ahar08,2.11,5.35,10.2,Ahar08_Flat05,11/22/23,231122_Calib03,400,1,0,4,375,431,197,514,584
Aneides hardii,Ahar08,2.11,5.35,10.2,Ahar08_Flat06,11/22/23,231122_Calib03,400,1,0,8,291,342,147,421,484
Aneides hardii,Ahar08,2,5.35,10.2,Ahar08_Vert04,12/9/23,231209_Calib02,400,1,90,8,1597,1658,339,1885,1935
Aneides hardii,Ahar08,1.65,5.35,10.2,Ahar08_Vert05,5/9/24,240509_Calib06,400,1,90,10,1687,1738,371,2072,2131
Aneides hardii,Ahar09,3.2,5.8,10.6,Ahar09_45deg01,11/6/23,231106_Calib02,400,1,45,10,694,755,244,895,967
Aneides hardii,Ahar09,3.2,5.8,10.6,Ahar09_45deg02,11/6/23,231106_Calib02,400,1,45,5,739,806,229,950,1011
Aneides hardii,Ahar09,3.2,5.8,10.6,Ahar09_45deg04,11/6/23,231106_Calib02,400,1,45,6,543,599,209,730,808
Aneides hardii,Ahar09,3.2,5.8,10.6,Ahar09_45deg05,11/6/23,231106_Calib02,400,1,45,5,714,785,250,950,1027
Aneides hardii,Ahar09,3.2,5.8,10.6,Ahar09_45deg06,11/6/23,231106_Calib02,400,1,45,8,635,699,221,864,932
Aneides hardii,Ahar09,2.97,5.8,10.6,Ahar09_80deg01,2/6/24,240206_Calib02,400,1,80,6,1898,1964,654,2492,2544
Aneides hardii,Ahar09,3.07,5.8,10.6,Ahar09_80deg02,2/12/24,240212_Calib02,400,1,80,9,2095,2155,581,2491,2530
Aneides hardii,Ahar09,3.07,5.8,10.6,Ahar09_80deg03,2/12/24,240212_Calib02,400,1,80,6,1667,1720,597,2186,2229
Aneides hardii,Ahar09,2.95,5.8,10.6,Ahar09_80deg04,2/17/24,240217_Calib02,400,1,80,9,1590,1657,538,2035,2078
Aneides hardii,Ahar09,2.92,5.8,10.6,Ahar09_80deg05,2/29/24,240229_Calib01,400,1,80,9,1731,1800,583,2288,2340
Aneides hardii,Ahar09,3.14,5.8,10.6,Ahar09_Flat01,11/22/23,231122_Calib03,400,1,0,6,391,442,190,546,607
Aneides hardii,Ahar09,3.14,5.8,10.6,Ahar09_Flat02,11/22/23,231122_Calib03,400,1,0,7,413,468,198,573,641
Aneides hardii,Ahar09,3.14,5.8,10.6,Ahar09_Flat03,11/22/23,231122_Calib03,400,1,0,5,274,319,139,406,464
Aneides hardii,Ahar09,3.14,5.8,10.6,Ahar09_Flat05,11/22/23,231122_Calib03,400,1,0,7,382,430,178,518,567
Aneides hardii,Ahar09,3.14,5.8,10.6,Ahar09_Flat06,11/22/23,231122_Calib03,400,1,0,8,229,273,115,343,383
Aneides hardii,Ahar10,1.23,4.45,7.9,Ahar10_45deg02,11/15/23,231115_Calib11,400,1,45,5,440,478,179,569,642
Aneides hardii,Ahar10,1.23,4.45,7.9,Ahar10_45deg03,11/15/23,231115_Calib11,400,1,45,8,292,330,125,406,441
Aneides hardii,Ahar10,1.23,4.45,7.9,Ahar10_45deg05,11/15/23,231115_Calib11,400,1,45,6,300,330,120,405,437
Aneides hardii,Ahar10,1.23,4.45,7.9,Ahar10_45deg06,11/15/23,231115_Calib11,400,1,45,6,272,306,144,397,433
Aneides hardii,Ahar10,1.23,4.45,7.9,Ahar10_45deg07,11/15/23,231115_Calib11,400,1,45,7,196,229,101,286,320
Aneides hardii,Ahar10,1.03,4.45,7.9,Ahar10_80deg01,12/11/23,231211_Calib06,400,1,80,8,841,893,257,1076,1125
Aneides hardii,Ahar10,1.03,4.45,7.9,Ahar10_80deg02,12/11/23,231211_Calib06,400,1,80,9,801,853,258,1035,1071
Aneides hardii,Ahar10,1.03,4.45,7.9,Ahar10_80deg03,12/11/23,231211_Calib06,400,1,80,12,912,959,237,1184,1226
Aneides hardii,Ahar10,1.03,4.45,7.9,Ahar10_80deg04,12/11/23,231211_Calib06,400,1,80,12,880,941,301,1137,1195
Aneides hardii,Ahar10,1.03,4.45,7.9,Ahar10_80deg05,12/11/23,231211_Calib06,400,1,80,6,1095,1138,333,1406,1436
Aneides hardii,Ahar10,1.13,4.45,7.9,Ahar10_Flat02,11/22/23,231122_Calib05,400,1,0,9,242,267,114,346,382
Aneides hardii,Ahar10,1.13,4.45,7.9,Ahar10_Flat04,11/22/23,231122_Calib05,400,1,0,11,163,191,97,242,274
Aneides hardii,Ahar10,1.13,4.45,7.9,Ahar10_Flat05,11/22/23,231122_Calib05,400,1,0,10,223,259,123,323,365
Aneides hardii,Ahar10,1.13,4.45,7.9,Ahar10_Flat06,11/22/23,231122_Calib05,400,1,0,19,306,344,151,428,472
Aneides hardii,Ahar10,1.13,4.45,7.9,Ahar10_Flat07,11/22/23,231122_Calib05,400,1,0,8,205,230,111,292,323
Aneides lugubris,Alug01,0.44,2.9,5,Alug01_45deg01,4/16/24,240416_Calib01,400,1,45,15,237,290,126,338,383
Aneides lugubris,Alug01,0.44,2.9,5,Alug01_45deg02,4/16/24,240416_Calib01,400,1,45,7,159,199,87,245,285
Aneides lugubris,Alug01,0.44,2.9,5,Alug01_45deg04,4/16/24,240416_Calib01,400,1,45,11,295,361,135,422,467
Aneides lugubris,Alug01,0.44,2.9,5,Alug01_45deg05,4/16/24,240416_Calib01,400,1,45,9,253,314,116,377,437
Aneides lugubris,Alug01,0.44,2.9,5,Alug01_45deg06,4/16/24,240416_Calib01,400,1,45,6,251,297,123,362,422
Aneides lugubris,Alug01,0.45,2.9,5,Alug01_80deg01,4/22/24,240422_Calib03,400,1,80,21,327,376,91,430,465
Aneides lugubris,Alug01,0.45,2.9,5,Alug01_80deg02,4/22/24,240422_Calib03,400,1,80,36,413,494,169,526,583
Aneides lugubris,Alug01,0.45,2.9,5,Alug01_80deg03,4/22/24,240422_Calib03,400,1,80,32,417,496,141,548,609
Aneides lugubris,Alug01,0.45,2.9,5,Alug01_80deg04,4/22/24,240422_Calib03,400,1,80,32,419,477,138,534,580
Aneides lugubris,Alug01,0.45,2.9,5,Alug01_80deg06,4/22/24,240422_Calib03,400,1,80,8,409,481,149,540,580
Aneides lugubris,Alug01,0.46,2.9,5,Alug01_Flat01,4/9/24,240409_Calib01,400,1,0,3,202,252,107,301,345
Aneides lugubris,Alug01,0.46,2.9,5,Alug01_Flat02,4/9/24,240409_Calib01,400,1,0,4,248,293,126,364,415
Aneides lugubris,Alug01,0.46,2.9,5,Alug01_Flat03,4/9/24,240409_Calib01,400,1,0,4,241,282,106,353,401
Aneides lugubris,Alug01,0.46,2.9,5,Alug01_Flat05,4/10/24,240410_Calib02,400,1,0,3,170,212,88,269,313
Aneides lugubris,Alug01,0.46,2.9,5,Alug01_Flat06,4/10/24,240410_Calib02,400,1,0,51,275,329,136,373,414
Aneides lugubris,Alug01,0.46,2.9,5,Alug01_Vert01,5/3/24,240503_Calib08,400,1,90,9,430,503,135,580,611
Aneides lugubris,Alug01,0.46,2.9,5,Alug01_Vert02,5/3/24,240503_Calib08,400,1,90,30,431,503,135,598,640
Aneides lugubris,Alug01,0.46,2.9,5,Alug01_Vert03,5/3/24,240503_Calib08,400,1,90,25,612,678,176,796,840
Aneides lugubris,Alug01,0.46,2.9,5,Alug01_Vert04,5/3/24,240503_Calib08,400,1,90,21,564,615,152,719,761
Aneides lugubris,Alug01,0.46,2.9,5,Alug01_Vert05,5/3/24,240503_Calib08,400,1,90,12,576,622,172,732,780
Aneides lugubris,Alug02,5.82,6.8,11.5,Alug02_45deg01,4/18/24,240418_Calib02,400,1,45,6,541,598,215,704,769
Aneides lugubris,Alug02,5.82,6.8,11.5,Alug02_45deg02,4/18/24,240418_Calib02,400,1,45,8,478,525,198,648,707
Aneides lugubris,Alug02,5.82,6.8,11.5,Alug02_45deg03,4/18/24,240418_Calib02,400,1,45,4,413,467,207,580,651
Aneides lugubris,Alug02,5.82,6.8,11.5,Alug02_45deg05,4/18/24,240418_Calib02,400,1,45,4,502,554,184,675,746
Aneides lugubris,Alug02,5.82,6.8,11.5,Alug02_45deg06,4/18/24,240418_Calib02,400,1,45,3,400,450,170,559,636
Aneides lugubris,Alug02,6.35,6.8,11.5,Alug02_80deg01,4/27/24,240427_Calib11,400,1,80,8,600,660,213,786,841
Aneides lugubris,Alug02,6.35,6.8,11.5,Alug02_80deg02,4/27/24,240427_Calib11,400,1,80,7,587,631,178,755,808
Aneides lugubris,Alug02,6,6.8,11.5,Alug02_80deg04,4/29/24,240429_Calib09,400,1,80,1,906,967,298,1172,1214
Aneides lugubris,Alug02,6,6.8,11.5,Alug02_80deg05,4/29/24,240429_Calib09,400,1,80,8,999,1068,309,1264,1375
Aneides lugubris,Alug02,6,6.8,11.5,Alug02_80deg07,4/29/24,240429_Calib09,400,1,80,9,991,1066,345,1260,1391
Aneides lugubris,Alug02,6.18,6.8,11.5,Alug02_Flat02,4/11/24,240411_Calib02,400,1,0,8,594,661,314,783,890
Aneides lugubris,Alug02,6.18,6.8,11.5,Alug02_Flat03,4/11/24,240411_Calib02,400,1,0,5,258,300,133,377,434
Aneides lugubris,Alug02,6.18,6.8,11.5,Alug02_Flat04,4/11/24,240411_Calib02,400,1,0,3,512,566,223,717,812
Aneides lugubris,Alug02,6.18,6.8,11.5,Alug02_Flat05,4/11/24,240411_Calib02,400,1,0,4,231,275,122,332,385
Aneides lugubris,Alug02,6.25,6.8,11.5,Alug02_Flat06,4/12/24,240412_Calib01,400,1,0,5,214,247,119,304,342
Aneides lugubris,Alug02,6.32,6.8,11.5,Alug02_Vert01,5/9/24,240509_Calib06,400,1,90,9,1107,1157,328,1382,1451
Aneides lugubris,Alug03,5.82,6.8,11.2,Alug03_45deg01,4/17/24,240417_Calib05,400,1,45,8,371,417,191,524,597
Aneides lugubris,Alug03,5.82,6.8,11.2,Alug03_45deg02,4/17/24,240417_Calib05,400,1,45,7,298,339,155,413,477
Aneides lugubris,Alug03,5.82,6.8,11.2,Alug03_45deg04,4/17/24,240417_Calib05,400,1,45,6,349,402,174,499,566
Aneides lugubris,Alug03,5.82,6.8,11.2,Alug03_45deg05,4/17/24,240417_Calib05,400,1,45,6,260,305,140,373,430
Aneides lugubris,Alug03,5.82,6.8,11.2,Alug03_45deg06,4/17/24,240417_Calib05,400,1,45,6,326,375,162,478,544
Aneides lugubris,Alug03,6,6.8,11.2,Alug03_80deg01,4/27/24,240427_Calib11,400,1,80,5,490,544,156,627,680
Aneides lugubris,Alug03,6,6.8,11.2,Alug03_80deg02,4/27/24,240427_Calib11,400,1,80,10,577,635,184,736,796
Aneides lugubris,Alug03,6,6.8,11.2,Alug03_80deg03,4/27/24,240427_Calib11,400,1,80,6,366,411,135,478,525
Aneides lugubris,Alug03,6,6.8,11.2,Alug03_80deg04,4/27/24,240427_Calib11,400,1,80,4,419,466,160,551,621
Aneides lugubris,Alug03,6,6.8,11.2,Alug03_80deg05,4/29/24,240429_Calib09,400,1,80,9,406,448,133,532,582
Aneides lugubris,Alug03,5.69,6.8,11.2,Alug03_Flat01,4/12/24,240412_Calib01,400,1,0,7,394,459,194,564,622
Aneides lugubris,Alug03,5.69,6.8,11.2,Alug03_Flat02,4/12/24,240412_Calib01,400,1,0,4,245,291,137,361,413
Aneides lugubris,Alug03,5.69,6.8,11.2,Alug03_Flat04,4/12/24,240412_Calib01,400,1,0,11,328,383,186,472,550
Aneides lugubris,Alug03,5.69,6.8,11.2,Alug03_Flat05,4/12/24,240412_Calib01,400,1,0,7,235,274,147,330,388
Aneides lugubris,Alug03,5.69,6.8,11.2,Alug03_Flat06,4/12/24,240412_Calib01,400,1,0,4,213,254,126,304,360
Aneides lugubris,Alug03,5.82,6.8,11.2,Alug03_Vert01,5/9/24,240509_Calib06,400,1,90,5,436,488,123,570,623
Aneides lugubris,Alug03,5.82,6.8,11.2,Alug03_Vert02,5/10/24,240510_Calib01,400,1,90,23,900,985,285,1124,1198
Aneides lugubris,Alug03,5.82,6.8,11.2,Alug03_Vert03,5/11/24,240511_Calib04,400,1,90,19,744,823,213,922,1009
Aneides lugubris,Alug03,5.25,6.8,11.2,Alug03_Vert04,6/7/24,240607_Calib04,400,1,90,5,1065,1117,361,1277,1330
Aneides lugubris,Alug03,5.25,6.8,11.2,Alug03_Vert05,6/7/24,240607_Calib04,400,1,90,6,1129,1196,342,1384,1492
Aneides lugubris,Alug04,7,7.6,13,Alug04_45deg01,4/18/24,240418_Calib02,400,1,45,8,414,454,161,538,579
Aneides lugubris,Alug04,7,7.6,13,Alug04_45deg02,4/18/24,240418_Calib02,400,1,45,11,351,393,136,486,533
Aneides lugubris,Alug04,7,7.6,13,Alug04_45deg03,4/18/24,240418_Calib02,400,1,45,4,446,495,180,595,638
Aneides lugubris,Alug04,7,7.6,13,Alug04_45deg04,4/18/24,240418_Calib02,400,1,45,7,337,378,139,449,489
Aneides lugubris,Alug04,7,7.6,13,Alug04_45deg05,4/18/24,240418_Calib02,400,1,45,11,690,761,294,922,997
Aneides lugubris,Alug04,7.48,7.6,13,Alug04_80deg02,4/29/24,240429_Calib09,400,1,80,11,711,779,229,910,978
Aneides lugubris,Alug04,7.48,7.6,13,Alug04_80deg03,4/29/24,240429_Calib09,400,1,80,6,1006,1080,250,1234,1321
Aneides lugubris,Alug04,7.48,7.6,13,Alug04_80deg04,4/29/24,240429_Calib09,400,1,80,8,802,884,299,1009,1087
Aneides lugubris,Alug04,7.48,7.6,13,Alug04_80deg05,4/29/24,240429_Calib09,400,1,80,9,842,917,287,1110,1192
Aneides lugubris,Alug04,7.48,7.6,13,Alug04_80deg06,4/30/24,240430_Calib04,400,1,80,9,689,745,187,893,938
Aneides lugubris,Alug04,7.93,7.6,13,Alug04_Flat01,4/13/24,240413_Calib01,400,1,0,7,274,317,155,389,493
Aneides lugubris,Alug04,7.93,7.6,13,Alug04_Flat02,4/13/24,240413_Calib01,400,1,0,15,277,327,143,400,456
Aneides lugubris,Alug04,7.93,7.6,13,Alug04_Flat04,4/13/24,240413_Calib01,400,1,0,7,287,350,148,430,486
Aneides lugubris,Alug04,7.93,7.6,13,Alug04_Flat05,4/13/24,240413_Calib01,400,1,0,28,503,587,236,742,819
Aneides lugubris,Alug04,7.93,7.6,13,Alug04_Flat06,4/13/24,240413_Calib01,400,1,0,5,296,349,146,433,489
Aneides lugubris,Alug05,1.81,4.95,8.3,Alug05_45deg02,4/16/24,240416_Calib03,400,1,45,7,299,339,143,422,485
Aneides lugubris,Alug05,1.81,4.95,8.3,Alug05_45deg03,4/16/24,240416_Calib04,400,1,45,7,398,450,205,549,619
Aneides lugubris,Alug05,1.81,4.95,8.3,Alug05_45deg04,4/16/24,240416_Calib04,400,1,45,7,281,327,150,400,471
Aneides lugubris,Alug05,1.81,4.95,8.3,Alug05_45deg05,4/17/24,240417_Calib03,400,1,45,5,250,279,131,339,400
Aneides lugubris,Alug05,1.81,4.95,8.3,Alug05_45deg06,4/17/24,240417_Calib03,400,1,45,9,261,288,149,346,391
Aneides lugubris,Alug05,1.64,4.95,8.3,Alug05_80deg01,4/22/24,240422_Calib03,400,1,80,4,436,482,121,533,593
Aneides lugubris,Alug05,1.64,4.95,8.3,Alug05_80deg03,4/22/24,240422_Calib03,400,1,80,7,484,518,155,623,669
Aneides lugubris,Alug05,1.64,4.95,8.3,Alug05_80deg04,4/23/24,240423_Calib02,400,1,80,9,331,369,130,429,479
Aneides lugubris,Alug05,1.64,4.95,8.3,Alug05_80deg05,4/23/24,240423_Calib02,400,1,80,8,476,516,147,618,660
Aneides lugubris,Alug05,1.53,4.95,8.3,Alug05_80deg06,4/27/24,240427_Calib01,400,1,80,6,326,371,129,418,464
Aneides lugubris,Alug05,1.83,4.95,8.3,Alug05_Flat03,4/15/24,240415_Calib03,400,1,0,10,246,284,127,335,383
Aneides lugubris,Alug05,1.83,4.95,8.3,Alug05_Flat04,4/15/24,240415_Calib03,400,1,0,3,180,219,90,258,313
Aneides lugubris,Alug05,1.83,4.95,8.3,Alug05_Flat05,4/15/24,240415_Calib03,400,1,0,7,192,234,90,286,323
Aneides lugubris,Alug05,1.83,4.95,8.3,Alug05_Flat06,4/15/24,240415_Calib03,400,1,0,6,197,231,110,278,332
Aneides lugubris,Alug05,1.83,4.95,8.3,Alug05_Flat09,4/15/24,240415_Calib03,400,1,0,4,251,294,135,363,427
Aneides lugubris,Alug05,1.26,4.95,8.3,Alug05_Vert01,5/15/24,240515_Calib01,400,1,90,14,920,974,228,1177,1221
Aneides lugubris,Alug05,1.26,4.95,8.3,Alug05_Vert02,5/15/24,240515_Calib01,400,1,90,3,664,710,190,824,866
Aneides lugubris,Alug05,1.17,4.95,8.3,Alug05_Vert03,5/23/24,240523_Calib01,400,1,90,4,797,838,200,933,1000
Aneides lugubris,Alug05,1.17,4.95,8.3,Alug05_Vert05,5/23/24,240523_Calib04,400,1,90,11,483,526,163,615,669
Aneides lugubris,Alug05,1.17,4.95,8.3,Alug05_Vert07,5/23/24,240523_Calib03,400,1,90,8,487,532,133,593,664
Aneides lugubris,Alug06,2.11,5.25,8.9,Alug06_45deg01,4/16/24,240416_Calib04,400,1,45,3,229,265,108,321,368
Aneides lugubris,Alug06,2.11,5.25,8.9,Alug06_45deg03,4/16/24,240416_Calib04,400,1,45,5,219,254,104,313,357
Aneides lugubris,Alug06,2.11,5.25,8.9,Alug06_45deg04,4/16/24,240416_Calib04,400,1,45,5,262,299,126,372,428
Aneides lugubris,Alug06,2.11,5.25,8.9,Alug06_45deg05,4/16/24,240416_Calib04,400,1,45,4,359,407,171,507,565
Aneides lugubris,Alug06,2.11,5.25,8.9,Alug06_45deg06,4/16/24,240416_Calib04,400,1,45,8,382,423,194,533,589
Aneides lugubris,Alug06,1.82,5.25,8.9,Alug06_80deg01,4/22/24,240422_Calib03,400,1,80,6,605,659,181,771,833
Aneides lugubris,Alug06,1.82,5.25,8.9,Alug06_80deg03,4/22/24,240422_Calib03,400,1,80,6,405,443,145,521,575
Aneides lugubris,Alug06,1.82,5.25,8.9,Alug06_80deg04,4/22/24,240422_Calib03,400,1,80,10,400,444,153,519,572
Aneides lugubris,Alug06,1.82,5.25,8.9,Alug06_80deg05,4/22/24,240422_Calib03,400,1,80,4,391,428,131,519,570
Aneides lugubris,Alug06,1.82,5.25,8.9,Alug06_80deg06,4/22/24,240422_Calib03,400,1,80,5,448,483,162,566,626
Aneides lugubris,Alug06,2.04,5.25,8.9,Alug06_Flat01,4/15/24,240415_Calib02,400,1,0,7,278,315,137,382,440
Aneides lugubris,Alug06,2.04,5.25,8.9,Alug06_Flat02,4/15/24,240415_Calib02,400,1,0,4,214,244,113,302,334
Aneides lugubris,Alug06,2.04,5.25,8.9,Alug06_Flat03,4/15/24,240415_Calib02,400,1,0,5,209,247,106,302,344
Aneides lugubris,Alug06,2.04,5.25,8.9,Alug06_Flat04,4/15/24,240415_Calib02,400,1,0,11,245,281,123,344,391
Aneides lugubris,Alug06,2.04,5.25,8.9,Alug06_Flat05,4/15/24,240415_Calib02,400,1,0,5,220,256,103,321,367
Aneides lugubris,Alug06,2.06,5.25,8.9,Alug06_Vert01,5/1/24,240501_Calib02,400,1,90,3,498,546,173,660,719
Aneides lugubris,Alug06,2.06,5.25,8.9,Alug06_Vert02,5/1/24,240501_Calib02,400,1,90,4,598,648,213,804,872
Aneides lugubris,Alug06,2.06,5.25,8.9,Alug06_Vert03,5/1/24,240501_Calib02,400,1,90,5,560,607,195,708,769
Aneides lugubris,Alug06,2.06,5.25,8.9,Alug06_Vert05,5/1/24,240501_Calib02,400,1,90,5,686,742,196,878,938
Aneides lugubris,Alug06,2.06,5.25,8.9,Alug06_Vert06,5/1/24,240501_Calib02,400,1,90,6,604,655,195,756,831
Aneides lugubris,Alug07,1.73,4.95,8.5,Alug07_45deg01,4/16/24,240416_Calib04,400,1,45,6,323,358,126,428,470
Aneides lugubris,Alug07,1.73,4.95,8.5,Alug07_45deg02,4/16/24,240416_Calib04,400,1,45,5,356,399,145,484,532
Aneides lugubris,Alug07,1.73,4.95,8.5,Alug07_45deg03,4/16/24,240416_Calib04,400,1,45,7,331,373,128,457,497
Aneides lugubris,Alug07,1.73,4.95,8.5,Alug07_45deg04,4/16/24,240416_Calib04,400,1,45,5,419,456,153,564,625
Aneides lugubris,Alug07,1.73,4.95,8.5,Alug07_45deg05,4/16/24,240416_Calib04,400,1,45,5,335,372,142,459,495
Aneides lugubris,Alug07,1.73,4.95,8.5,Alug07_80deg02,4/22/24,240422_Calib03,400,1,80,8,485,521,193,617,678
Aneides lugubris,Alug07,1.73,4.95,8.5,Alug07_80deg03,4/22/24,240422_Calib03,400,1,80,3,548,588,149,683,754
Aneides lugubris,Alug07,1.73,4.95,8.5,Alug07_80deg04,4/22/24,240422_Calib03,400,1,80,10,552,595,171,719,779
Aneides lugubris,Alug07,1.73,4.95,8.5,Alug07_80deg05,4/22/24,240422_Calib03,400,1,80,5,660,707,195,835,901
Aneides lugubris,Alug07,1.73,4.95,8.5,Alug07_80deg06,4/22/24,240422_Calib03,400,1,80,6,671,735,224,863,933
Aneides lugubris,Alug07,1.61,4.95,8.5,Alug07_Flat02,4/15/24,240415_Calib02,400,1,0,6,237,283,123,358,402
Aneides lugubris,Alug07,1.61,4.95,8.5,Alug07_Flat03,4/15/24,240415_Calib02,400,1,0,3,274,311,118,391,430
Aneides lugubris,Alug07,1.61,4.95,8.5,Alug07_Flat05,4/15/24,240415_Calib02,400,1,0,4,252,301,143,372,422
Aneides lugubris,Alug07,1.61,4.95,8.5,Alug07_Flat06,4/15/24,240415_Calib02,400,1,0,6,296,347,148,417,484
Aneides lugubris,Alug07,1.61,4.95,8.5,Alug07_Flat07,4/15/24,240415_Calib02,400,1,0,4,220,263,111,330,363
Aneides lugubris,Alug07,1.76,4.95,8.5,Alug07_Vert01,5/1/24,240501_Calib02,400,1,90,6,893,934,224,1118,1155
Aneides lugubris,Alug07,1.76,4.95,8.5,Alug07_Vert02,5/1/24,240501_Calib02,400,1,90,6,878,925,209,1116,1168
Aneides lugubris,Alug07,1.71,4.95,8.5,Alug07_Vert03,5/4/24,240504_Calib03,400,1,90,9,514,560,148,663,713
Aneides lugubris,Alug07,1.71,4.95,8.5,Alug07_Vert04,5/4/24,240504_Calib03,400,1,90,9,647,692,207,842,892
Aneides lugubris,Alug07,1.71,4.95,8.5,Alug07_Vert06,5/4/24,240504_Calib03,400,1,90,9,798,837,231,1015,1058
Aneides lugubris,Alug08,1.04,3.7,6.35,Alug08_45deg01,4/16/24,240416_Calib01,400,1,45,4,216,251,108,295,356
Aneides lugubris,Alug08,1.04,3.7,6.35,Alug08_45deg03,4/16/24,240416_Calib01,400,1,45,4,230,267,115,321,384
Aneides lugubris,Alug08,1.04,3.7,6.35,Alug08_45deg04,4/16/24,240416_Calib01,400,1,45,4,235,272,114,339,396
Aneides lugubris,Alug08,1.04,3.7,6.35,Alug08_45deg05,4/16/24,240416_Calib01,400,1,45,10,305,362,136,437,517
Aneides lugubris,Alug08,1.04,3.7,6.35,Alug08_45deg06,4/16/24,240416_Calib01,400,1,45,8,332,399,151,487,565
Aneides lugubris,Alug08,1,3.7,6.35,Alug08_80deg01,4/22/24,240422_Calib03,400,1,80,8,360,432,155,501,565
Aneides lugubris,Alug08,1,3.7,6.35,Alug08_80deg03,4/22/24,240422_Calib03,400,1,80,24,417,482,186,570,638
Aneides lugubris,Alug08,1,3.7,6.35,Alug08_80deg04,4/22/24,240422_Calib03,400,1,80,15,399,447,152,513,576
Aneides lugubris,Alug08,1,3.7,6.35,Alug08_80deg05,4/22/24,240422_Calib03,400,1,80,12,325,392,144,473,552
Aneides lugubris,Alug08,1,3.7,6.35,Alug08_80deg06,4/22/24,240422_Calib03,400,1,80,53,526,603,218,685,779
Aneides lugubris,Alug08,1,3.7,6.35,Alug08_Flat02,4/9/24,240409_Calib01,400,1,0,6,141,177,83,205,250
Aneides lugubris,Alug08,1,3.7,6.35,Alug08_Flat03,4/9/24,240409_Calib01,400,1,0,12,236,285,142,345,399
Aneides lugubris,Alug08,1,3.7,6.35,Alug08_Flat04,4/9/24,240409_Calib01,400,1,0,7,270,319,154,395,475
Aneides lugubris,Alug08,1,3.7,6.35,Alug08_Flat05,4/9/24,240409_Calib01,400,1,0,15,232,282,125,338,385
Aneides lugubris,Alug08,1,3.7,6.35,Alug08_Flat06,4/9/24,240409_Calib01,400,1,0,4,135,167,81,206,244
Aneides lugubris,Alug08,0.87,3.7,6.35,Alug08_Vert01,5/1/24,240501_Calib02,400,1,90,14,343,380,115,440,478
Aneides lugubris,Alug08,0.87,3.7,6.35,Alug08_Vert02,5/1/24,240501_Calib02,400,1,90,17,348,400,143,468,519
Aneides lugubris,Alug08,0.87,3.7,6.35,Alug08_Vert03,5/1/24,240501_Calib02,400,1,90,7,513,569,171,669,732
Aneides lugubris,Alug08,0.87,3.7,6.35,Alug08_Vert04,5/1/24,240501_Calib02,400,1,90,5,438,491,157,571,628
Aneides lugubris,Alug08,0.87,3.7,6.35,Alug08_Vert05,5/1/24,240501_Calib02,400,1,90,8,501,556,196,650,721
Aneides lugubris,Alug09,0.88,3.5,6.05,Alug09_45deg02,4/16/24,240416_Calib01,400,1,45,3,157,194,95,245,299
Aneides lugubris,Alug09,0.88,3.5,6.05,Alug09_45deg03,4/16/24,240416_Calib01,400,1,45,3,158,195,86,242,293
Aneides lugubris,Alug09,0.88,3.5,6.05,Alug09_45deg04,4/16/24,240416_Calib01,400,1,45,3,154,188,84,237,282
Aneides lugubris,Alug09,0.88,3.5,6.05,Alug09_45deg05,4/16/24,240416_Calib01,400,1,45,3,160,196,93,248,293
Aneides lugubris,Alug09,0.88,3.5,6.05,Alug09_45deg06,4/16/24,240416_Calib01,400,1,45,5,201,237,112,290,340
Aneides lugubris,Alug09,0.77,3.5,6.05,Alug09_80deg02,4/23/24,240423_Calib02,400,1,80,12,242,278,109,345,402
Aneides lugubris,Alug09,0.77,3.5,6.05,Alug09_80deg04,4/23/24,240423_Calib02,400,1,80,7,305,343,149,396,442
Aneides lugubris,Alug09,0.77,3.5,6.05,Alug09_80deg05,4/23/24,240423_Calib02,400,1,80,6,260,298,105,365,412
Aneides lugubris,Alug09,0.77,3.5,6.05,Alug09_80deg06,4/23/24,240423_Calib02,400,1,80,3,255,302,109,374,423
Aneides lugubris,Alug09,0.77,3.5,6.05,Alug09_80deg07,4/23/24,240423_Calib02,400,1,80,5,361,401,161,458,519
Aneides lugubris,Alug09,0.78,3.5,6.05,Alug09_Flat02,4/10/24,240410_Calib03,400,1,0,16,113,149,66,176,210
Aneides lugubris,Alug09,0.78,3.5,6.05,Alug09_Flat03,4/10/24,240410_Calib05,400,1,0,3,109,148,68,183,216
Aneides lugubris,Alug09,0.78,3.5,6.05,Alug09_Flat04,4/10/24,240410_Calib05,400,1,0,3,166,206,82,252,292
Aneides lugubris,Alug09,0.78,3.5,6.05,Alug09_Flat05,4/10/24,240410_Calib05,400,1,0,4,135,168,68,213,245
Aneides lugubris,Alug09,0.78,3.5,6.05,Alug09_Flat06,4/10/24,240410_Calib05,400,1,0,9,141,179,82,216,252
Aneides lugubris,Alug09,0.82,3.5,6.05,Alug09_Vert01,5/1/24,240501_Calib02,400,1,90,6,295,329,122,387,437
Aneides lugubris,Alug09,0.82,3.5,6.05,Alug09_Vert02,5/1/24,240501_Calib02,400,1,90,5,360,397,138,488,535
Aneides lugubris,Alug09,0.82,3.5,6.05,Alug09_Vert03,5/1/24,240501_Calib02,400,1,90,4,250,279,90,343,383
Aneides lugubris,Alug09,0.82,3.5,6.05,Alug09_Vert04,5/1/24,240501_Calib02,400,1,90,5,274,311,123,372,412
Aneides lugubris,Alug09,0.68,3.5,6.05,Alug09_Vert05,5/22/24,240522_Calib06,400,1,90,9,452,488,147,563,607
Aneides lugubris,Alug10,8.87,7,12.9,Alug10_45deg01,4/18/24,240418_Calib02,400,1,45,5,379,422,139,505,559
Aneides lugubris,Alug10,8.87,7,12.9,Alug10_45deg02,4/18/24,240418_Calib02,400,1,45,4,434,485,186,579,643
Aneides lugubris,Alug10,8.08,7,12.9,Alug10_45deg03,4/19/24,240419_Calib01,400,1,45,6,408,460,203,540,605
Aneides lugubris,Alug10,8.21,7,12.9,Alug10_45deg05,4/20/24,240420_Calib03,400,1,45,6,610,675,229,779,855
Aneides lugubris,Alug10,8.21,7,12.9,Alug10_45deg06,4/20/24,240420_Calib03,400,1,45,6,512,560,171,645,730
Aneides lugubris,Alug10,6.92,7,12.9,Alug10_80deg01,6/9/24,240609_Calib01,400,1,80,19,1301,1356,540,1567,1601
Aneides lugubris,Alug10,8.37,7,12.9,Alug10_Flat01,4/12/24,240412_Calib01,400,1,0,4,282,319,124,389,442
Aneides lugubris,Alug10,8.37,7,12.9,Alug10_Flat02,4/12/24,240412_Calib01,400,1,0,4,212,253,104,309,363
Aneides lugubris,Alug10,8.54,7,12.9,Alug10_Flat04,4/13/24,240413_Calib01,400,1,0,10,308,343,130,413,481
Aneides lugubris,Alug10,8.54,7,12.9,Alug10_Flat05,4/13/24,240413_Calib01,400,1,0,4,259,292,127,353,411
Aneides lugubris,Alug10,8.54,7,12.9,Alug10_Flat07,4/13/24,240413_Calib01,400,1,0,8,327,362,149,433,510
Plethodon glutinosus,Pglu01,0.53,3.4,6.75,Pglu01_45deg01,4/16/24,240416_Calib03,400,1,45,4,175,202,93,239,302
Plethodon glutinosus,Pglu01,0.53,3.4,6.75,Pglu01_45deg02,4/16/24,240416_Calib03,400,1,45,10,301,330,129,400,452
Plethodon glutinosus,Pglu01,0.53,3.4,6.75,Pglu01_45deg03,4/16/24,240416_Calib03,400,1,45,4,208,237,115,292,344
Plethodon glutinosus,Pglu01,0.53,3.4,6.75,Pglu01_45deg04,4/16/24,240416_Calib03,400,1,45,4,259,285,111,347,403
Plethodon glutinosus,Pglu01,0.53,3.4,6.75,Pglu01_45deg06,4/16/24,240416_Calib03,400,1,45,7,215,245,108,288,345
Plethodon glutinosus,Pglu01,0.48,3.4,6.75,Pglu01_80deg01,4/22/24,240422_Calib03,400,1,80,10,402,435,192,532,594
Plethodon glutinosus,Pglu01,0.48,3.4,6.75,Pglu01_80deg03,4/22/24,240422_Calib03,400,1,80,9,540,582,161,675,740
Plethodon glutinosus,Pglu01,0.48,3.4,6.75,Pglu01_80deg04,4/22/24,240422_Calib03,400,1,80,9,604,652,203,808,913
Plethodon glutinosus,Pglu01,0.48,3.4,6.75,Pglu01_80deg05,4/22/24,240422_Calib03,400,1,80,9,708,763,242,920,1014
Plethodon glutinosus,Pglu01,0.48,3.4,6.75,Pglu01_80deg06,4/22/24,240422_Calib03,400,1,80,9,580,623,178,777,847
Plethodon glutinosus,Pglu01,0.52,3.4,6.75,Pglu01_Flat09,4/10/24,240410_Calib03,400,1,0,2,147,177,70,213,245
Plethodon glutinosus,Pglu01,0.52,3.4,6.75,Pglu01_Flat10,4/10/24,240410_Calib03,400,1,0,3,194,223,109,269,300
Plethodon glutinosus,Pglu01,0.52,3.4,6.75,Pglu01_Flat11,4/10/24,240410_Calib03,400,1,0,4,152,176,79,214,240
Plethodon glutinosus,Pglu01,0.52,3.4,6.75,Pglu01_Flat13,4/10/24,240410_Calib03,400,1,0,3,169,196,85,251,284
Plethodon glutinosus,Pglu01,0.52,3.4,6.75,Pglu01_Flat14,4/10/24,240410_Calib03,400,1,0,4,218,249,117,312,354
Plethodon glutinosus,Pglu01,0.5,3.4,6.75,Pglu01_Vert01,5/1/24,240501_Calib02,400,1,90,3,524,557,174,682,742
Plethodon glutinosus,Pglu01,0.5,3.4,6.75,Pglu01_Vert03,5/1/24,240501_Calib02,400,1,90,9,815,864,257,1125,1202
Plethodon glutinosus,Pglu01,0.5,3.4,6.75,Pglu01_Vert04,5/1/24,240501_Calib02,400,1,90,4,646,685,230,913,998
Plethodon glutinosus,Pglu01,0.5,3.4,6.75,Pglu01_Vert05,5/1/24,240501_Calib02,400,1,90,4,646,684,213,863,925
Plethodon glutinosus,Pglu01,0.5,3.4,6.75,Pglu01_Vert06,5/1/24,240501_Calib02,400,1,90,9,773,819,253,953,1054
Plethodon glutinosus,Pglu02,2,5.2,11,Pglu02_45deg01,11/6/23,231106_Calib02,400,1,45,6,247,294,115,351,406
Plethodon glutinosus,Pglu02,2,5.2,11,Pglu02_45deg02,11/6/23,231106_Calib02,400,1,45,9,199,229,94,269,315
Plethodon glutinosus,Pglu02,2,5.2,11,Pglu02_45deg03,11/7/23,231107_Calib01,400,1,45,4,263,296,94,346,390
Plethodon glutinosus,Pglu02,2,5.2,11,Pglu02_45deg05,11/7/23,231107_Calib01,400,1,45,4,173,198,67,231,257
Plethodon glutinosus,Pglu02,2,5.2,11,Pglu02_45deg06,11/7/23,231107_Calib01,400,1,45,5,276,323,114,379,430
Plethodon glutinosus,Pglu02,1.74,5.2,11,Pglu02_80deg01,2/27/24,240227_Calib01,400,1,80,5,372,409,109,460,487
Plethodon glutinosus,Pglu02,1.74,5.2,11,Pglu02_80deg02,2/27/24,240227_Calib01,400,1,80,5,368,409,111,470,516
Plethodon glutinosus,Pglu02,1.74,5.2,11,Pglu02_80deg03,2/27/24,240227_Calib01,400,1,80,4,377,417,127,475,521
Plethodon glutinosus,Pglu02,1.74,5.2,11,Pglu02_80deg04,2/27/24,240227_Calib01,400,1,80,4,388,428,93,494,534
Plethodon glutinosus,Pglu02,1.74,5.2,11,Pglu02_80deg05,2/27/24,240227_Calib01,400,1,80,3,481,533,150,598,678
Plethodon glutinosus,Pglu02,2,5.2,11,Pglu02_Flat02,10/25/23,231025_Calib07,400,1,0,5,199,241,102,286,336
Plethodon glutinosus,Pglu02,2,5.2,11,Pglu02_Flat03,10/25/23,231025_Calib07,400,1,0,6,247,299,138,375,437
Plethodon glutinosus,Pglu02,2,5.2,11,Pglu02_Flat04,10/25/23,231025_Calib07,400,1,0,7,233,278,112,326,372
Plethodon glutinosus,Pglu02,2,5.2,11,Pglu02_Flat05,10/25/23,231025_Calib07,400,1,0,4,181,220,91,260,310
Plethodon glutinosus,Pglu02,2,5.2,11,Pglu02_Flat06,10/25/23,231025_Calib07,400,1,0,5,338,412,176,496,584
Plethodon glutinosus,Pglu02,2.04,5.2,11,Pglu02_Vert03,11/17/23,231117_Calib03,400,1,90,8,812,861,225,1006,1033
Plethodon glutinosus,Pglu02,2.04,5.2,11,Pglu02_Vert05,11/17/23,231117_Calib03,400,1,90,6,818,867,194,1014,1059
Plethodon glutinosus,Pglu02,2.04,5.2,11,Pglu02_Vert06,11/21/23,231121_Calib01,400,1,90,8,799,853,266,985,1041
Plethodon glutinosus,Pglu02,2.04,5.2,11,Pglu02_Vert07,11/21/23,231121_Calib01,400,1,90,5,709,747,180,847,896
Plethodon glutinosus,Pglu02,2.04,5.2,11,Pglu02_Vert08,11/21/23,231121_Calib01,400,1,90,7,802,844,163,963,1018
Plethodon glutinosus,Pglu03,4.3,6.9,13.5,Pglu03_45deg01,11/6/23,231106_Calib02,400,1,45,4,255,292,119,347,394
Plethodon glutinosus,Pglu03,4.3,6.9,13.5,Pglu03_45deg02,11/6/23,231106_Calib02,400,1,45,3,188,226,81,264,301
Plethodon glutinosus,Pglu03,4.3,6.9,13.5,Pglu03_45deg03,11/6/23,231106_Calib02,400,1,45,5,197,236,96,284,335
Plethodon glutinosus,Pglu03,4.3,6.9,13.5,Pglu03_45deg05,11/6/23,231106_Calib02,400,1,45,3,324,369,155,449,518
Plethodon glutinosus,Pglu03,4.3,6.9,13.5,Pglu03_45deg06,11/7/23,231107_Calib01,400,1,45,5,362,415,166,505,590
Plethodon glutinosus,Pglu03,3.88,6.9,13.5,Pglu03_80deg01,2/12/24,240212_Calib02,400,1,80,43,866,941,310,1059,1170
Plethodon glutinosus,Pglu03,3.88,6.9,13.5,Pglu03_80deg02,2/12/24,240212_Calib02,400,1,80,9,1094,1158,235,1281,1390
Plethodon glutinosus,Pglu03,3.88,6.9,13.5,Pglu03_80deg03,2/12/24,240212_Calib02,400,1,80,6,704,766,199,874,959
Plethodon glutinosus,Pglu03,3.88,6.9,13.5,Pglu03_80deg04,2/12/24,240212_Calib02,400,1,80,66,1070,1132,349,1262,1364
Plethodon glutinosus,Pglu03,3.88,6.9,13.5,Pglu03_80deg05,2/12/24,240212_Calib02,400,1,80,11,1043,1120,345,1298,1396
Plethodon glutinosus,Pglu03,4.5,6.9,13.5,Pglu03_Flat03,10/25/23,231025_Calib07,400,1,0,5,403,467,170,575,651
Plethodon glutinosus,Pglu03,4.5,6.9,13.5,Pglu03_Flat06,10/27/23,231025_Calib07,400,1,0,3,240,283,122,334,398
Plethodon glutinosus,Pglu03,4.5,6.9,13.5,Pglu03_Flat08,10/27/23,231025_Calib07,400,1,0,3,243,288,108,350,405
Plethodon glutinosus,Pglu03,4.5,6.9,13.5,Pglu03_Flat10,10/27/23,231025_Calib07,400,1,0,4,285,330,115,397,455
Plethodon glutinosus,Pglu03,4.6,6.9,13.5,Pglu03_Flat11,11/2/23,231102_Calib01,400,1,0,3,138,171,62,202,235
Plethodon glutinosus,Pglu03,4.1,6.9,13.5,Pglu03_Vert07,11/20/23,231120_Calib03,400,1,90,29,1567,1642,293,1880,1951
Plethodon glutinosus,Pglu03,3.93,6.9,13.5,Pglu03_Vert09,12/9/23,231209_Calib02,400,1,90,18,1430,1501,348,1691,1759
Plethodon glutinosus,Pglu03,2.97,6.9,11.7,Pglu03_Vert10,5/8/24,240508_Calib12,400,1,90,9,966,1025,268,1145,1236
Plethodon glutinosus,Pglu03,2.97,6.9,11.7,Pglu03_Vert11,5/9/24,240509_Calib06,400,1,90,15,1095,1153,338,1305,1392
Plethodon glutinosus,Pglu03,3.03,6.9,11.7,Pglu03_Vert12,5/13/24,240513_Calib05,400,1,90,29,1960,2047,571,2346,2427
Plethodon glutinosus,Pglu04,2.1,5,10.7,Pglu04_45deg02,11/6/23,231106_Calib02,400,1,45,3,212,248,105,300,354
Plethodon glutinosus,Pglu04,2.1,5,10.7,Pglu04_45deg03,11/7/23,231107_Calib01,400,1,45,6,258,290,114,346,402
Plethodon glutinosus,Pglu04,2.1,5,10.7,Pglu04_45deg04,11/7/23,231107_Calib01,400,1,45,5,355,397,143,482,552
Plethodon glutinosus,Pglu04,2.1,5,10.7,Pglu04_45deg05,11/7/23,231107_Calib01,400,1,45,5,278,324,136,401,470
Plethodon glutinosus,Pglu04,2.1,5,10.7,Pglu04_45deg06,11/7/23,231107_Calib01,400,1,45,7,371,418,176,505,577
Plethodon glutinosus,Pglu04,2,5,10.7,Pglu04_80deg01,2/2/24,240202_Calib01,400,1,80,9,651,702,193,874,932
Plethodon glutinosus,Pglu04,1.91,5,10.7,Pglu04_80deg02,2/27/24,240227_Calib01,400,1,80,12,839,894,250,1014,1102
Plethodon glutinosus,Pglu04,1.91,5,10.7,Pglu04_80deg03,2/27/24,240227_Calib01,400,1,80,11,686,734,225,853,949
Plethodon glutinosus,Pglu04,1.91,5,10.7,Pglu04_80deg04,2/27/24,240227_Calib01,400,1,80,51,879,973,273,1151,1230
Plethodon glutinosus,Pglu04,1.91,5,10.7,Pglu04_80deg05,2/27/24,240227_Calib01,400,1,80,38,821,920,270,1058,1140
Plethodon glutinosus,Pglu04,2.1,5,10.7,Pglu04_Flat04,10/27/23,231025_Calib07,400,1,0,6,214,248,122,291,333
Plethodon glutinosus,Pglu04,2.1,5,10.7,Pglu04_Flat05,10/27/23,231025_Calib07,400,1,0,5,344,391,135,451,507
Plethodon glutinosus,Pglu04,2.1,5,10.7,Pglu04_Flat06,10/27/23,231025_Calib07,400,1,0,4,225,263,110,327,390
Plethodon glutinosus,Pglu04,2.1,5,10.7,Pglu04_Flat08,11/2/23,231102_Calib01,400,1,0,4,229,278,122,322,373
Plethodon glutinosus,Pglu04,2.1,5,10.7,Pglu04_Flat09,11/2/23,231102_Calib01,400,1,0,3,159,193,92,230,273
Plethodon glutinosus,Pglu04,1.76,5,10.7,Pglu04_Vert02,12/9/23,231209_Calib02,400,1,90,5,1798,1861,482,2174,2221
Plethodon glutinosus,Pglu04,2.04,5,10.7,Pglu04_Vert04,5/3/24,240503_Calib02,400,1,90,5,1793,1846,356,2103,2173
Plethodon glutinosus,Pglu04,2.04,5,10.7,Pglu04_Vert05,5/3/24,240503_Calib02,400,1,90,90,2657,2720,671,3441,3491
Plethodon glutinosus,Pglu04,2.04,5,10.7,Pglu04_Vert06,5/3/24,240503_Calib02,400,1,90,71,1907,2021,506,2364,2443
Plethodon glutinosus,Pglu04,2.04,5,10.7,Pglu04_Vert07,5/3/24,240503_Calib02,400,1,90,43,2130,2198,662,2822,2884
Plethodon glutinosus,Pglu05,1.71,4.8,9.7,Pglu05_45deg02,11/16/23,231116_Calib10,400,1,45,4,208,246,110,297,346
Plethodon glutinosus,Pglu05,1.71,4.8,9.7,Pglu05_45deg04,11/16/23,231116_Calib11,400,1,45,5,190,224,104,264,328
Plethodon glutinosus,Pglu05,1.71,4.8,9.7,Pglu05_45deg05,11/16/23,231116_Calib11,400,1,45,3,178,209,93,246,299
Plethodon glutinosus,Pglu05,1.71,4.8,9.7,Pglu05_45deg07,11/16/23,231116_Calib13,400,1,45,6,257,293,136,341,405
Plethodon glutinosus,Pglu05,1.71,4.8,9.7,Pglu05_45deg09,11/16/23,231116_Calib13,400,1,45,5,285,329,127,378,443
Plethodon glutinosus,Pglu05,1.44,4.8,9.7,Pglu05_80deg01,2/27/24,240227_Calib01,400,1,80,3,420,466,141,539,603
Plethodon glutinosus,Pglu05,1.44,4.8,9.7,Pglu05_80deg03,2/27/24,240227_Calib01,400,1,80,8,441,488,130,556,611
Plethodon glutinosus,Pglu05,1.44,4.8,9.7,Pglu05_80deg04,2/27/24,240227_Calib01,400,1,80,7,446,505,145,564,629
Plethodon glutinosus,Pglu05,1.44,4.8,9.7,Pglu05_80deg05,2/27/24,240227_Calib01,400,1,80,4,547,607,163,675,755
Plethodon glutinosus,Pglu05,1.44,4.8,9.7,Pglu05_80deg06,2/27/24,240227_Calib01,400,1,80,4,712,777,234,871,957
Plethodon glutinosus,Pglu05,1.7,4.8,9.7,Pglu05_Flat04,10/18/23,231018_Calib04,400,1,0,2,249,303,124,388,430
Plethodon glutinosus,Pglu05,1.7,4.8,9.7,Pglu05_Flat05,10/18/23,231018_Calib04,400,1,0,6,426,481,177,602,654
Plethodon glutinosus,Pglu05,1.7,4.8,9.7,Pglu05_Flat06,10/18/23,231018_Calib04,400,1,0,4,350,400,135,476,526
Plethodon glutinosus,Pglu05,1.7,4.8,9.7,Pglu05_Flat07,10/20/23,231018_Calib04,400,1,0,6,222,258,132,301,357
Plethodon glutinosus,Pglu05,1.7,4.8,9.7,Pglu05_Flat10,10/20/23,231018_Calib04,400,1,0,12,283,331,141,410,480
Plethodon glutinosus,Pglu05,1.51,4.8,9.7,Pglu05_Vert01,11/18/23,231118_Calib06,400,1,90,5,519,566,191,646,722
Plethodon glutinosus,Pglu05,1.51,4.8,9.7,Pglu05_Vert02,11/18/23,231118_Calib06,400,1,90,5,578,623,183,728,800
Plethodon glutinosus,Pglu05,1.51,4.8,9.7,Pglu05_Vert04,11/18/23,231118_Calib06,400,1,90,7,825,881,287,1028,1117
Plethodon glutinosus,Pglu05,1.51,4.8,9.7,Pglu05_Vert05,11/18/23,231118_Calib06,400,1,90,8,838,891,246,1019,1095
Plethodon glutinosus,Pglu05,1.51,4.8,9.7,Pglu05_Vert06,11/18/23,231118_Calib06,400,1,90,7,893,948,265,1096,1186
Plethodon glutinosus,Pglu06,2.95,5.3,11.4,Pglu06_45deg03,11/10/23,231110_Calib02,400,1,45,7,464,525,215,634,718
Plethodon glutinosus,Pglu06,2.95,5.3,11.4,Pglu06_45deg04,11/10/23,231110_Calib02,400,1,45,4,306,359,139,432,493
Plethodon glutinosus,Pglu06,2.95,5.3,11.4,Pglu06_45deg05,11/10/23,231110_Calib02,400,1,45,5,373,423,153,498,561
Plethodon glutinosus,Pglu06,2.95,5.3,11.4,Pglu06_45deg06,11/10/23,231110_Calib02,400,1,45,4,262,309,127,359,407
Plethodon glutinosus,Pglu06,2.95,5.3,11.4,Pglu06_45deg07,11/10/23,231110_Calib02,400,1,45,9,418,468,193,547,619
Plethodon glutinosus,Pglu06,2.22,5.3,11.4,Pglu06_80deg01,2/27/24,240227_Calib01,400,1,80,10,827,893,242,1043,1132
Plethodon glutinosus,Pglu06,2.22,5.3,11.4,Pglu06_80deg02,2/27/24,240227_Calib01,400,1,80,9,984,1044,259,1232,1374
Plethodon glutinosus,Pglu06,2.22,5.3,11.4,Pglu06_80deg03,2/27/24,240227_Calib01,400,1,80,4,550,602,154,679,766
Plethodon glutinosus,Pglu06,2.22,5.3,11.4,Pglu06_80deg04,2/27/24,240227_Calib01,400,1,80,6,983,1039,203,1205,1300
Plethodon glutinosus,Pglu06,2.22,5.3,11.4,Pglu06_80deg05,2/27/24,240227_Calib01,400,1,80,3,687,745,210,874,954
Plethodon glutinosus,Pglu06,2.76,5.3,11.4,Pglu06_Flat01,11/21/23,231121_Calib03,400,1,0,5,268,309,105,369,419
Plethodon glutinosus,Pglu06,2.76,5.3,11.4,Pglu06_Flat02,11/21/23,231121_Calib03,400,1,0,5,275,315,110,364,420
Plethodon glutinosus,Pglu06,2.76,5.3,11.4,Pglu06_Flat03,11/21/23,231121_Calib03,400,1,0,5,245,284,99,328,366
Plethodon glutinosus,Pglu06,2.76,5.3,11.4,Pglu06_Flat04,11/21/23,231121_Calib03,400,1,0,9,324,370,144,428,474
Plethodon glutinosus,Pglu06,2.76,5.3,11.4,Pglu06_Flat06,11/21/23,231121_Calib04,400,1,0,7,297,337,166,386,427
Plethodon glutinosus,Pglu06,2.76,5.3,11.4,Pglu06_Vert02,11/20/23,231120_Calib01,400,1,90,5,1212,1273,215,1438,1527
Plethodon glutinosus,Pglu06,2.76,5.3,11.4,Pglu06_Vert03,11/20/23,231120_Calib01,400,1,90,5,1303,1363,226,1555,1624
Plethodon glutinosus,Pglu06,2.76,5.3,11.4,Pglu06_Vert04,11/20/23,231120_Calib01,400,1,90,5,1164,1214,264,1430,1499
Plethodon glutinosus,Pglu06,2.76,5.3,11.4,Pglu06_Vert05,11/20/23,231120_Calib01,400,1,90,7,809,862,118,984,1049
Plethodon glutinosus,Pglu06,2.76,5.3,11.4,Pglu06_Vert06,11/21/23,231121_Calib01,400,1,90,10,1262,1323,357,1483,1578
Plethodon glutinosus,Pglu07,4.85,5.6,12.1,Pglu07_45deg02,11/13/23,231113_Calib03,400,1,45,6,289,331,129,405,475
Plethodon glutinosus,Pglu07,4.85,5.6,12.1,Pglu07_45deg03,11/13/23,231113_Calib03,400,1,45,6,406,473,182,566,675
Plethodon glutinosus,Pglu07,4.85,5.6,12.1,Pglu07_45deg05,11/13/23,231113_Calib03,400,1,45,5,338,385,156,464,540
Plethodon glutinosus,Pglu07,4.85,5.6,12.1,Pglu07_45deg07,11/13/23,231113_Calib03,400,1,45,3,335,377,136,445,510
Plethodon glutinosus,Pglu07,4.85,5.6,12.1,Pglu07_45deg08,11/13/23,231113_Calib03,400,1,45,6,367,412,151,492,568
Plethodon glutinosus,Pglu07,3.5,5.9,13,Pglu07_80deg01,2/12/24,240212_Calib02,400,1,80,7,823,870,216,1040,1109
Plethodon glutinosus,Pglu07,3.5,5.9,13,Pglu07_80deg02,2/12/24,240212_Calib02,400,1,80,6,1316,1363,320,1577,1637
Plethodon glutinosus,Pglu07,3.5,5.9,13,Pglu07_80deg03,2/12/24,240212_Calib02,400,1,80,9,988,1036,227,1208,1278
Plethodon glutinosus,Pglu07,3.5,5.9,13,Pglu07_80deg04,2/12/24,240212_Calib02,400,1,80,8,1146,1183,282,1359,1410
Plethodon glutinosus,Pglu07,3.69,5.9,13,Pglu07_80deg06,2/27/24,240227_Calib01,400,1,80,3,969,1017,185,1208,1282
Plethodon glutinosus,Pglu07,4.83,5.6,12.1,Pglu07_Flat01,11/21/23,231121_Calib04,400,1,0,12,368,422,184,509,588
Plethodon glutinosus,Pglu07,4.83,5.6,12.1,Pglu07_Flat02,11/21/23,231121_Calib04,400,1,0,4,201,248,109,298,355
Plethodon glutinosus,Pglu07,4.83,5.6,12.1,Pglu07_Flat03,11/21/23,231121_Calib04,400,1,0,8,267,304,126,357,411
Plethodon glutinosus,Pglu07,4.83,5.6,12.1,Pglu07_Flat06,11/21/23,231121_Calib06,400,1,0,8,365,419,181,508,591
Plethodon glutinosus,Pglu07,4.83,5.6,12.1,Pglu07_Flat07,11/22/23,231121_Calib06,400,1,0,7,232,269,113,328,382
Plethodon glutinosus,Pglu07,4.56,5.6,12.1,Pglu07_Vert01,12/6/23,231206_Calib10,400,1,90,9,1493,1547,334,1751,1850
Plethodon glutinosus,Pglu07,3.25,5.9,13,Pglu07_Vert02,5/8/24,240508_Calib12,400,1,90,6,792,833,241,1067,1135
Plethodon glutinosus,Pglu07,3.25,5.9,13,Pglu07_Vert03,5/8/24,240508_Calib12,400,1,90,7,911,960,247,1185,1244
Plethodon glutinosus,Pglu07,3.25,5.9,13,Pglu07_Vert04,5/8/24,240508_Calib12,400,1,90,5,1256,1300,272,1499,1536
Plethodon glutinosus,Pglu07,3.24,5.9,12.2,Pglu07_Vert05,5/11/24,240511_Calib04,400,1,90,6,1712,1760,404,2187,2244
Plethodon glutinosus,Pglu08,0.86,4,7.8,Pglu08_45deg02,11/16/23,231116_Calib07,400,1,45,7,383,413,142,467,535
Plethodon glutinosus,Pglu08,0.86,4,7.8,Pglu08_45deg03,11/16/23,231116_Calib07,400,1,45,5,254,289,120,339,390
Plethodon glutinosus,Pglu08,0.86,4,7.8,Pglu08_45deg05,11/16/23,231116_Calib07,400,1,45,3,294,328,116,397,449
Plethodon glutinosus,Pglu08,0.86,4,7.8,Pglu08_45deg06,11/16/23,231116_Calib07,400,1,45,3,262,289,108,346,394
Plethodon glutinosus,Pglu08,0.86,4,7.8,Pglu08_45deg07,11/16/23,231116_Calib07,400,1,45,4,256,291,127,383,451
Plethodon glutinosus,Pglu08,0.7,4,7.8,Pglu08_80deg01,3/4/24,240304_Calib03,400,1,80,45,666,713,268,858,919
Plethodon glutinosus,Pglu08,0.7,4,7.8,Pglu08_80deg03,3/4/24,240304_Calib03,400,1,80,8,834,877,208,1060,1117
Plethodon glutinosus,Pglu08,0.7,4,7.8,Pglu08_80deg04,3/4/24,240304_Calib03,400,1,80,5,554,591,168,706,763
Plethodon glutinosus,Pglu08,0.7,4,7.8,Pglu08_80deg05,3/4/24,240304_Calib03,400,1,80,3,713,753,239,889,949
Plethodon glutinosus,Pglu08,0.7,4,7.8,Pglu08_80deg06,3/4/24,240304_Calib03,400,1,80,7,474,511,141,617,671
Plethodon glutinosus,Pglu08,0.71,4,7.8,Pglu08_Flat02,11/22/23,231122_Calib05,400,1,0,7,274,311,107,366,419
Plethodon glutinosus,Pglu08,0.71,4,7.8,Pglu08_Flat03,11/22/23,231122_Calib05,400,1,0,4,205,238,95,288,343
Plethodon glutinosus,Pglu08,0.71,4,7.8,Pglu08_Flat04,11/22/23,231122_Calib05,400,1,0,3,161,191,86,229,264
Plethodon glutinosus,Pglu08,0.71,4,7.8,Pglu08_Flat05,11/22/23,231122_Calib05,400,1,0,6,229,279,120,325,385
Plethodon glutinosus,Pglu08,0.71,4,7.8,Pglu08_Flat07,11/22/23,231122_Calib05,400,1,0,5,241,275,104,327,380
Plethodon glutinosus,Pglu08,0.86,4,7.8,Pglu08_Vert01,11/20/23,231120_Calib07,400,1,90,6,916,958,280,1108,1177
Plethodon glutinosus,Pglu08,0.86,4,7.8,Pglu08_Vert02,11/20/23,231120_Calib07,400,1,90,4,605,644,199,766,851
Plethodon glutinosus,Pglu08,0.86,4,7.8,Pglu08_Vert04,11/20/23,231120_Calib07,400,1,90,5,658,699,219,846,925
Plethodon glutinosus,Pglu08,0.86,4,7.8,Pglu08_Vert05,11/20/23,231120_Calib07,400,1,90,6,591,631,182,758,830
Plethodon glutinosus,Pglu08,0.86,4,7.8,Pglu08_Vert06,11/20/23,231120_Calib07,400,1,90,5,827,869,261,1052,1141
Plethodon glutinosus,Pglu09,1.03,4.2,8.2,Pglu09_45deg01,4/16/24,240416_Calib03,400,1,45,3,474,525,158,621,717
Plethodon glutinosus,Pglu09,1.03,4.2,8.2,Pglu09_45deg02,4/16/24,240416_Calib04,400,1,45,3,224,269,88,319,383
Plethodon glutinosus,Pglu09,1.03,4.2,8.2,Pglu09_45deg03,4/17/24,240417_Calib03,400,1,45,3,139,173,69,211,245
Plethodon glutinosus,Pglu09,1.03,4.2,8.2,Pglu09_45deg04,4/17/24,240417_Calib03,400,1,45,8,427,492,194,581,651
Plethodon glutinosus,Pglu09,1.03,4.2,8.2,Pglu09_45deg05,4/17/24,240417_Calib03,400,1,45,8,317,375,148,448,534
Plethodon glutinosus,Pglu09,0.93,4.2,8.2,Pglu09_80deg01,4/22/24,240422_Calib03,400,1,80,3,220,246,100,305,343
Plethodon glutinosus,Pglu09,0.93,4.2,8.2,Pglu09_80deg02,4/24/24,240424_Calib01,400,1,80,11,273,318,114,372,427
Plethodon glutinosus,Pglu09,0.93,4.2,8.2,Pglu09_80deg05,4/24/24,240424_Calib01,400,1,80,3,330,375,128,424,495
Plethodon glutinosus,Pglu09,0.93,4.2,8.2,Pglu09_80deg06,4/24/24,240424_Calib01,400,1,80,13,326,374,150,455,511
Plethodon glutinosus,Pglu09,0.93,4.2,8.2,Pglu09_80deg07,4/24/24,240424_Calib01,400,1,80,10,493,546,186,612,694
Plethodon glutinosus,Pglu09,1.09,4.2,8.2,Pglu09_Flat01,4/10/24,240410_Calib05,400,1,0,11,348,413,164,479,551
Plethodon glutinosus,Pglu09,1.09,4.2,8.2,Pglu09_Flat02,4/10/24,240410_Calib05,400,1,0,5,344,424,174,494,576
Plethodon glutinosus,Pglu09,1.09,4.2,8.2,Pglu09_Flat03,4/10/24,240410_Calib05,400,1,0,5,477,571,210,664,760
Plethodon glutinosus,Pglu09,1.09,4.2,8.2,Pglu09_Flat04,4/10/24,240410_Calib05,400,1,0,4,221,273,116,326,366
Plethodon glutinosus,Pglu09,1.09,4.2,8.2,Pglu09_Flat05,4/10/24,240410_Calib05,400,1,0,3,335,398,155,458,531
Plethodon glutinosus,Pglu09,1.09,4.2,8.2,Pglu09_Vert01,5/1/24,240501_Calib02,400,1,90,7,357,400,115,460,509
Plethodon glutinosus,Pglu09,1,4.2,8.2,Pglu09_Vert02,5/4/24,240504_Calib03,400,1,90,5,306,336,98,383,439
Plethodon glutinosus,Pglu09,1,4.2,8.2,Pglu09_Vert03,5/4/24,240504_Calib03,400,1,90,8,328,365,94,432,492
Plethodon glutinosus,Pglu09,1,4.2,8.2,Pglu09_Vert05,5/4/24,240504_Calib03,400,1,90,6,423,476,141,549,624
Plethodon glutinosus,Pglu09,1,4.2,8.2,Pglu09_Vert06,5/8/24,240508_Calib03,400,1,90,11,689,747,257,853,948
Plethodon glutinosus,Pglu10,6.33,6.8,14.8,Pglu10_45deg01,11/11/23,231111_Calib02,400,1,45,5,238,269,101,320,362
Plethodon glutinosus,Pglu10,6.33,6.8,14.8,Pglu10_45deg02,11/11/23,231111_Calib02,400,1,45,5,312,344,118,417,459
Plethodon glutinosus,Pglu10,6.33,6.8,14.8,Pglu10_45deg04,11/11/23,231111_Calib02,400,1,45,11,427,464,168,562,629
Plethodon glutinosus,Pglu10,6.33,6.8,14.8,Pglu10_45deg05,11/11/23,231111_Calib02,400,1,45,5,290,325,109,384,437
Plethodon glutinosus,Pglu10,6.33,6.8,14.8,Pglu10_45deg06,11/13/23,231113_Calib03,400,1,45,5,463,507,166,622,695
Plethodon glutinosus,Pglu10,5.74,6.8,14.8,Pglu10_80deg01,2/27/24,240227_Calib01,400,1,80,5,611,659,264,752,822
Plethodon glutinosus,Pglu10,4.82,6.8,14.8,Pglu10_80deg02,3/2/24,240302_Calib02,400,1,80,6,767,815,225,925,1001
Plethodon glutinosus,Pglu10,4.82,6.8,14.8,Pglu10_80deg03,3/2/24,240302_Calib02,400,1,80,6,656,706,231,808,891
Plethodon glutinosus,Pglu10,4.82,6.8,14.8,Pglu10_80deg04,3/4/24,240304_Calib01,400,1,80,8,919,973,254,1108,1177
Plethodon glutinosus,Pglu10,4.82,6.8,14.8,Pglu10_80deg05,3/4/24,240304_Calib01,400,1,80,10,1076,1123,260,1285,1404
Plethodon glutinosus,Pglu10,5.71,6.8,14.8,Pglu10_Flat01,11/21/23,231121_Calib06,400,1,0,13,196,233,113,277,325
Plethodon glutinosus,Pglu10,5.71,6.8,14.8,Pglu10_Flat02,11/21/23,231121_Calib06,400,1,0,11,205,248,117,300,343
Plethodon glutinosus,Pglu10,5.71,6.8,14.8,Pglu10_Flat04,11/21/23,231121_Calib06,400,1,0,5,274,308,126,370,422
Plethodon glutinosus,Pglu10,5.71,6.8,14.8,Pglu10_Flat05,11/22/23,231121_Calib06,400,1,0,7,199,237,97,289,335
Plethodon glutinosus,Pglu10,5.71,6.8,14.8,Pglu10_Flat06,11/22/23,231121_Calib06,400,1,0,11,215,250,117,294,338
Plethodon glutinosus,Pglu10,4.24,6.8,14.8,Pglu10_Vert01,5/8/24,240508_Calib12,400,1,90,4,1487,1529,407,1765,1823
Plethodon glutinosus,Pglu10,4.24,6.8,14.8,Pglu10_Vert02,5/8/24,240508_Calib12,400,1,90,5,939,984,310,1162,1233
Plethodon glutinosus,Pglu10,4.03,6.8,14.8,Pglu10_Vert03,5/13/24,240513_Calib05,400,1,90,44,1359,1408,361,1692,1764
Plethodon glutinosus,Pglu10,3.46,6.8,14.8,Pglu10_Vert05,5/25/24,240525_Calib01,400,1,90,26,1504,1561,395,1854,1941
Plethodon glutinosus,Pglu10,3.46,6.8,14.8,Pglu10_Vert06,5/25/24,240525_Calib01,400,1,90,10,1963,2018,535,2434,2534