Calibration,P1_X,P1_Y,P1_Z,P2_X,P2_Y,P2_Z,P3_X,P3_Y,P3_Z
231018_Calib04,7.60317259,5.19403234,0.814623728,6.5429719,3.80587397,1.829595256,0.9152025,3.15119206,2.37755334
231025_Calib07,7.738944777,3.985270918,2.72596519,6.624092353,2.399654732,3.421468219,0.680358101,2.130565986,3.473667977
231102_Calib01,10.36909499,6.740396299,1.725024945,8.07924667,5.285376518,2.423916348,2.331021288,7.497045177,1.259904221
231103_Calib01,8.434926722,5.51323157,2.629793388,5.396653232,4.320644106,3.277567924,1.330088055,7.87889281,1.178418817
231106_Calib02,7.935527632,8.774208385,0.523735889,7.183371184,7.496783432,1.306008875,1.394468234,7.446640009,1.286734103
231107_Calib01,8.498311923,7.78012787,1.372910211,6.440110815,6.416477926,2.418089086,-0.175526912,7.276530567,1.695435008
231108_Calib04,9.000484542,6.346328347,2.035246736,7.644025584,4.795329502,2.988505723,1.260416767,5.314106046,2.594777153
231110_Calib02,8.327947227,6.759310812,1.785969871,6.88770899,5.342130417,2.643611306,0.815541883,5.222150818,2.666505313
231111_Calib02,8.675359857,9.47148758,0.047236868,7.113999611,8.231081537,0.967430305,0.574275912,8.89887996,0.404151538
231113_Calib03,9.028805614,5.909595624,3.084082169,7.494253691,4.520335545,4.253695623,0.330490212,4.423050486,4.243572046
231115_Calib11,6.776947262,5.388510233,2.679866413,5.34034548,4.266238919,3.386875861,4.14917584,5.55204001,2.5571077
231116_Calib07,5.625193304,3.485135545,2.528903717,4.472715995,2.881566959,3.030661693,1.2622121,4.244175039,1.983432498
231116_Calib10,9.98688189,9.78798592,-0.2613258,8.408839864,8.701441632,0.714841257,3.339420958,10.18326477,-0.704822502
231116_Calib11,6.653039894,6.826205403,2.161977119,5.221843004,5.702859308,3.050585728,-0.130819724,6.37531343,2.445155556
231116_Calib13,12.2966497,7.084300132,2.147656211,10.89648207,5.880634907,3.180749501,5.465806683,6.888078203,2.236405441
231117_Calib01,10.18160315,6.506618015,2.326984188,4.349887019,6.386658242,2.365585674,3.758522151,8.40459341,0.83766095
231117_Calib02,9.165173682,5.395809334,3.022433904,7.657462495,4.046296193,3.985336153,3.433904517,6.475512995,2.189316301
231117_Calib03,5.155096383,9.587239851,-0.109091128,3.990303171,8.531647107,0.758924561,-0.648791788,9.959935583,-0.468302961
231118_Calib06,6.614650534,5.031070899,2.802297621,5.16968301,3.931182456,3.46887787,1.697890518,6.275837767,1.994391692
231120_Calib01,7.778362199,3.419779601,4.401159182,2.960126014,3.513234619,4.19652584,2.838515942,5.194063955,3.015509267
231120_Calib03,7.910323673,6.078295418,2.290392859,15.33976045,6.296640034,2.197897007,2.162791494,6.237374521,2.127255744
231120_Calib07,4.731428789,6.965843842,1.759336606,3.79983798,6.129834467,2.332280249,0.912263635,7.923763457,1.080835461
231121_Calib01,7.850333096,4.590470553,4.129449168,3.285445924,4.751255645,3.91426554,2.962503216,6.572894599,2.348891184
231121_Calib03,10.99382757,9.4507917,0.173453556,9.253161884,8.139438567,1.12476089,3.716042612,9.613030427,-0.008340458
231121_Calib04,8.859232959,5.16583659,2.474756382,5.852310738,5.089638754,2.491888591,1.911207818,7.655446186,1.055995722
231121_Calib06,8.52892975,9.611695298,0.007117252,0.029961686,8.521426407,0.641117842,3.679112031,7.8205643,1.121573568
231122_Calib03,6.799913281,5.272182604,3.074490964,0.9222732,7.07873394,1.73761547,7.00076809,4.18428369,3.83775911
231122_Calib05,8.665034411,4.16236698,2.518244357,7.296161543,3.062865978,2.999835419,3.348660951,5.072373965,2.088768926
231206_Calib03,11.93456719,10.09598622,-0.629485647,10.99326542,8.426262274,1.125374181,5.214891034,8.657991738,0.806249926
231206_Calib10,10.32319918,5.58756136,2.698114874,3.578631204,3.272302789,4.163982365,6.747904324,4.305412123,3.514539761
231209_Calib02,6.33440186,2.971855979,4.110990682,10.03431464,1.994597673,4.731787245,7.850737542,3.765898375,3.658051198
231211_Calib06,9.775082114,7.021773561,2.130027124,1.695261124,5.224291166,3.583346509,5.320868322,6.323528064,2.677852582
231212_Calib01,6.669365245,4.839503485,2.462250235,5.409642455,3.77625198,2.990626443,2.18862415,5.76643901,1.96819623
240123_Calib01,11.85222168,6.858537413,1.97025811,3.938922622,6.522969042,2.135379813,6.675787691,6.794928808,1.989800549
240127_Calib02,1.197204783,6.511937714,2.295705009,2.935923828,6.549622652,2.273550394,1.990771964,5.354974705,3.18350344
240127_Calib04,6.069349927,5.63553501,2.285856056,9.33752133,5.378868344,2.445835401,15.15760146,3.759763756,3.37015214
240202_Calib01,9.989325708,6.001583947,2.323899366,8.660906887,5.098652886,2.906218094,5.043808665,7.344195622,1.441973144
240206_Calib02,3.860197964,6.506580447,2.82036986,6.29818526,6.830631042,2.53536432,10.94429472,5.308603052,4.023478713
240212_Calib02,13.69135594,5.713923647,2.341260291,8.899618096,6.023014257,2.1373937,3.279388194,5.804483717,2.22481466
240217_Calib01,3.50415634,5.974108856,2.337478274,7.029399408,5.827908453,2.460210284,13.14023874,3.285938256,4.14723424
240217_Calib02,11.97304727,9.75382448,-0.307345104,5.953692978,8.816123508,0.688889922,0.999381849,7.08199542,2.583060086
240227_Calib01,4.511464185,7.908106298,1.097117957,0.004190792,7.243850529,1.460042603,1.416804572,8.381891662,0.765774438
240227_Calib03,6.927439949,6.235410704,1.743604394,0.943541405,8.384236417,0.62368215,11.19459268,3.566446702,3.098134382
240229_Calib01,-4.931151207,7.976134358,0.838335381,-0.755593396,6.810850485,1.494567344,4.191492235,5.267993896,2.335145085
240302_Calib02,5.174823247,6.479170234,2.425596161,7.359199529,5.605906806,3.145213108,-0.829904547,4.496171447,3.934015106
240304_Calib01,7.015547882,4.757611382,3.128621777,1.044223724,5.106220805,2.802322446,0.913371075,7.260457098,1.334503054
240304_Calib03,8.640814497,9.101668897,0.490736212,8.969337591,8.237268421,2.067273073,4.348829268,9.986556546,-1.126841723
240304_Calib06,4.890370648,7.282796764,2.1745066,3.926887745,6.351248918,3.095784119,0.151070974,7.588927615,1.833056115
240305_Calib01,0.715402146,6.899618075,2.589947488,1.459679388,6.940881067,2.553871961,0.386924669,6.083593018,3.437995815
240305_Calib02,7.672614873,5.359808935,2.320343214,6.130064246,4.44771733,2.794332798,2.716438216,6.823737625,1.510476848
240305_Calib03,6.716969237,7.069611362,1.636183846,2.757827289,6.455931382,2.017231763,1.353897755,8.073156878,0.966703582
240305_Calib04,7.668975667,6.43962556,2.102849669,6.354340352,5.491905792,2.704285421,2.91233062,7.635162596,1.287210021
240305_Calib05,7.851130291,5.290319231,3.651466661,4.765296669,4.174973284,4.557254987,2.579145002,5.234715888,3.653741184
240409_Calib01,9.124702199,5.352078765,1.954767787,7.369104871,4.380377344,2.369963164,3.506913877,6.429186309,1.471830672
240410_Calib02,2.250636742,6.926162378,1.590214451,0.882977555,6.327094458,1.937409236,-2.304721168,7.739550324,1.09206839
240410_Calib03,0.860394898,5.517728111,2.740377065,2.672682035,6.078746669,2.370269227,5.4746532,5.208152279,2.977576742
240410_Calib05,3.392395989,5.506049008,2.399760553,2.423511814,4.310936665,3.091141579,-2.294243335,4.923671308,2.718769201
240411_Calib02,4.45597972,4.642235283,2.57607616,-2.105473429,4.575613658,2.566059308,7.56110049,8.052002,0.85540984
240411_Calib04,12.24890045,9.33480702,0.22324327,9.891057286,8.392588961,0.929427112,4.770869712,10.65651332,-0.799788062
240411_Calib05,9.939846186,6.553242167,1.443628322,7.965814244,5.459044072,1.891721822,3.153885719,8.2464182,0.668492256
240412_Calib01,7.765096603,5.729479079,2.805757058,11.14066565,6.831540771,1.986319463,6.962346001,8.152746727,1.021534891
240413_Calib01,13.42996541,5.762043667,2.527511072,6.979079592,4.662123346,3.177018676,4.714866577,3.058798052,4.17210824
240415_Calib02,3.522916015,3.422733005,2.691567969,-0.440280632,3.160291851,2.784089169,1.883129855,1.79467272,3.371643262
240415_Calib03,2.768227742,6.630537469,2.062313082,4.948182142,5.492502159,2.857048592,6.630329391,6.492555732,2.177805674
240415_Calib04,1.658148527,5.243139322,3.100343952,0.890515101,4.077366208,3.919403075,-4.162443873,4.778449549,3.478592889
240416_Calib01,1.717379759,5.40666912,2.277660702,3.119691982,6.325100769,1.789705718,6.108899889,5.890619241,2.03246963
240416_Calib03,7.493037574,4.512529936,3.535077264,5.882205313,3.644245703,4.120169259,1.745701537,5.174531246,3.055129884
240416_Calib04,3.073123198,5.640986985,2.905994636,5.082942866,6.647511642,2.16067217,8.71141096,5.818916721,2.811166068
240417_Calib03,3.177143086,8.469138866,1.136109518,5.709063456,7.847072512,1.930931866,7.069183531,9.00759589,0.515150495
240417_Calib05,2.835092133,3.960975525,2.967735538,5.33344191,1.444936861,4.338253696,12.11008221,2.008708149,4.165295855
240418_Calib02,11.3865522,5.578587525,1.886525263,9.219110623,3.803765861,2.633542215,2.71712968,5.83688658,1.70333576
240419_Calib01,11.84979704,6.084495783,2.596087016,9.735056676,5.197928257,3.25309405,5.397714175,7.934042176,1.184279292
240420_Calib03,3.8984285,6.733644235,3.578681368,7.434010001,6.870853542,3.437737746,8.787471497,8.449912038,1.286880917
240422_Calib03,-0.269322709,7.331378107,1.269555508,2.723428482,5.18039638,2.485760708,4.118211885,5.157434385,2.508213652
240423_Calib02,3.032182035,7.344103355,2.322577962,3.938063679,6.437247275,3.345596881,7.786298561,7.414811176,2.280807773
240424_Calib01,6.672175183,6.264837652,2.558517782,5.329462063,4.791500132,3.704335318,1.420314848,5.978883568,2.753901213
240427_Calib01,1.182807367,9.908155642,-0.164605883,5.573561578,7.577339743,1.23935318,7.664845422,8.611849151,0.623259208
240427_Calib11,7.148497561,7.783802587,1.229550373,4.844912299,6.386083562,2.1488184,0.625111124,8.999111381,0.346052303
240429_Calib09,-0.280266266,7.210216648,1.525891209,-1.933762743,5.663366122,2.496362017,-6.34205495,7.519424135,1.260300518
240430_Calib04,-9.437842944,8.592510385,0.444692349,-0.921899523,7.387009553,1.180330915,0.497583151,5.379702739,2.249664704
240430_Calib09,7.934890716,5.815383377,3.638888744,3.589494755,5.341109074,4.06012429,2.978443721,6.59809246,2.848905726
240501_Calib02,6.025727297,5.937091557,2.540140394,3.955928264,4.330856655,3.642227621,-0.371358652,6.497923653,2.129748646
240503_Calib02,-0.664503286,7.118887917,1.419502512,2.114281912,5.527660397,2.317354413,4.029175914,6.868635651,1.569825107
240503_Calib08,1.598661024,6.396774327,0.991348347,3.947005646,5.211282038,1.290935863,5.159657029,6.422373528,0.992920675
240504_Calib03,-0.346309285,5.132538923,2.236682485,4.844552258,5.660654304,1.998333761,5.6852273,3.692118734,2.972805608
240508_Calib03,1.051255112,5.618238456,1.65422532,4.222754533,3.969803396,2.379772204,6.477302176,5.357170554,1.79578496
240508_Calib12,2.786736569,4.872387161,1.801522734,5.556594253,2.344386322,2.72724315,8.741574196,4.148506943,2.092151857
240509_Calib04,4.63269864,3.941327116,3.162301751,7.279757394,4.923898336,2.648199729,1.648035821,6.261530283,1.850052733
240509_Calib06,14.65363066,2.254635489,3.803547607,4.310965165,4.235416186,2.75411654,8.891979747,3.174929141,3.326325528
240510_Calib01,1.499076969,4.166818693,2.611381325,6.756500076,1.67323413,3.947504683,9.007374581,3.861553255,2.894886918
240511_Calib04,-1.060492418,4.492677085,2.900056661,6.525888708,4.659345469,2.877139296,8.577880077,3.272945373,3.684258207
240513_Calib05,0.771803217,8.25882646,0.861441975,3.876931516,6.555631416,2.092720406,7.15683849,7.62280704,1.37194194
240515_Calib01,1.236301054,8.072983075,0.828269701,4.954717805,5.913796434,2.170717518,5.419807495,3.917267266,3.408746153
240520_Calib01,-3.112491776,5.694378727,1.767758317,2.655868498,5.910636137,1.649311559,3.951553941,5.040787365,1.996110208
240520_Calib03,0.267367776,6.11805075,2.264320824,-1.1426558,5.112542854,2.911291185,-5.16408468,7.583219273,1.390297002
240521_Calib01,1.74011167,6.356099513,2.415278738,-2.82661662,6.162595556,2.594776603,0.570392481,6.592709091,2.245695253
240522_Calib06,-3.06549313,6.407993255,2.794756846,1.170544574,7.249498249,2.002096419,1.983694527,6.074867982,3.014470311
240523_Calib01,-0.669848892,6.93679107,2.022275857,2.679658011,5.118569553,3.312402879,4.225145945,6.356557773,2.376308492
240523_Calib03,-3.469658858,5.136565249,2.914240069,1.146813062,4.649420538,3.174648979,2.211969335,6.246623049,2.153731845
240523_Calib04,0.348592996,7.716630998,1.426708123,3.93451582,5.153925738,3.267137889,5.437200591,6.370881533,2.356617088
240525_Calib01,-2.68776306,6.767149323,0.955660678,3.887711776,6.488500498,1.029900613,11.55703486,5.09713155,1.37614274
240606_Calib04,2.726069609,4.055004276,1.926753315,5.341313923,3.465452658,2.102257669,-2.124150149,3.262996427,2.206535941
240607_Calib01,5.082382539,6.280735253,2.722286376,1.234942375,5.494092748,3.444758584,1.127333927,6.694424289,2.434234298
240607_Calib04,-1.618949233,8.534256148,0.466166032,-2.680355585,6.68189023,0.911900476,-8.928033392,7.571248273,0.708137077
240609_Calib01,3.154741122,3.401320349,2.48802751,7.88187137,3.223920902,2.598025182,5.906734224,1.774007759,3.18528533